"date","date_obs","heure_obs","temperature_eau_c"
2021-10-01,2021-10-01,"10:00:00",10.8
2021-10-01,2021-10-01,"10:00:00",10.8
2021-10-01,2021-10-01,"10:00:00",10.8
2021-10-01,2021-10-01,"10:00:00",10.8
2021-10-01,2021-10-01,"10:00:00",10.8
2021-10-01,2021-10-01,"10:00:00",10.8
2021-10-01,2021-10-01,"10:00:00",10.8
2021-10-01,2021-10-01,"10:00:00",10.8
2021-10-01,2021-10-01,"10:00:00",10.8
2021-10-01,2021-10-01,"10:00:00",10.8
2021-10-01,2021-10-01,"10:00:00",10.8
2021-10-01,2021-10-01,"10:00:00",10.8
2021-10-01,2021-10-01,"10:00:00",10.8
2021-10-01,2021-10-01,"10:00:00",10.8
2021-10-01,2021-10-01,"10:00:00",10.8
2021-10-01,2021-10-01,"10:00:00",10.8
2021-10-01,2021-10-01,"10:00:00",10.8
2021-10-01,2021-10-01,"10:00:00",10.8
2021-10-01,2021-10-01,"10:00:00",10.8
2021-10-01,2021-10-01,"10:00:00",10.8
2021-10-01,2021-10-01,"10:00:00",10.8
2021-10-01,2021-10-01,"10:00:00",10.8
2021-10-01,2021-10-01,"10:00:00",10.8
2021-10-01,2021-10-01,"10:00:00",10.8
2021-10-01,2021-10-01,"10:00:00",10.8
2021-10-01,2021-10-01,"10:00:00",10.8
2021-10-01,2021-10-01,"10:00:00",10.8
2021-10-01,2021-10-01,"10:00:00",10.8
2021-10-01,2021-10-01,"10:00:00",10.8
2021-10-01,2021-10-01,"10:00:00",10.8
2021-10-01,2021-10-01,"10:00:00",10.8
2021-10-01,2021-10-01,"10:00:00",10.8
2021-10-01,2021-10-01,"10:00:00",10.8
2021-10-01,2021-10-01,"10:00:00",10.8
2021-10-01,2021-10-01,"10:00:00",10.8
2019-09-21,2019-09-21,"15:05:00",15.4
2019-09-21,2019-09-21,"15:05:00",15.4
2019-09-21,2019-09-21,"15:05:00",15.4
2019-09-21,2019-09-21,"15:05:00",15.4
2019-09-21,2019-09-21,"15:05:00",15.4
2019-09-21,2019-09-21,"15:05:00",15.4
2019-09-21,2019-09-21,"15:05:00",15.4
2019-09-21,2019-09-21,"15:05:00",15.4
2019-09-21,2019-09-21,"15:05:00",15.4
2019-09-21,2019-09-21,"15:05:00",15.4
2019-09-21,2019-09-21,"15:05:00",15.4
2019-09-21,2019-09-21,"15:05:00",15.4
2019-09-21,2019-09-21,"15:05:00",15.4
2019-09-21,2019-09-21,"15:05:00",15.4
2019-09-21,2019-09-21,"15:05:00",15.4
2019-09-21,2019-09-21,"15:05:00",15.4
2019-09-21,2019-09-21,"15:05:00",15.4
2019-09-21,2019-09-21,"15:05:00",15.4
2019-09-21,2019-09-21,"15:05:00",15.4
2019-09-21,2019-09-21,"15:05:00",15.4
2019-09-21,2019-09-21,"15:05:00",15.4
2019-09-21,2019-09-21,"15:05:00",15.4
2019-09-21,2019-09-21,"15:05:00",15.4
2019-09-21,2019-09-21,"15:05:00",15.4
2019-09-21,2019-09-21,"15:05:00",15.4
2019-09-21,2019-09-21,"15:05:00",15.4
2019-09-21,2019-09-21,"15:05:00",15.4
2019-09-21,2019-09-21,"15:05:00",15.4
2019-09-21,2019-09-21,"15:05:00",15.4
2019-09-21,2019-09-21,"15:05:00",15.4
2019-09-21,2019-09-21,"15:05:00",15.4
2019-09-21,2019-09-21,"15:05:00",15.4
2020-09-17,2020-09-17,"13:00:00",NA
2020-09-17,2020-09-17,"13:00:00",NA
2020-09-17,2020-09-17,"13:00:00",NA
2020-09-17,2020-09-17,"13:00:00",NA
2020-09-17,2020-09-17,"13:00:00",NA
2020-09-17,2020-09-17,"13:00:00",NA
2020-09-17,2020-09-17,"13:00:00",NA
2020-09-17,2020-09-17,"13:00:00",NA
2020-09-17,2020-09-17,"13:00:00",NA
2020-09-17,2020-09-17,"13:00:00",NA
2020-09-17,2020-09-17,"13:00:00",NA
2020-09-17,2020-09-17,"13:00:00",NA
2020-09-17,2020-09-17,"13:00:00",NA
2020-09-17,2020-09-17,"13:00:00",NA
2020-09-17,2020-09-17,"13:00:00",NA
2020-09-17,2020-09-17,"13:00:00",NA
2020-09-17,2020-09-17,"13:00:00",NA
2020-09-17,2020-09-17,"13:00:00",NA
2020-09-17,2020-09-17,"13:00:00",NA
2020-09-17,2020-09-17,"13:00:00",NA
2020-09-17,2020-09-17,"13:00:00",NA
2020-09-17,2020-09-17,"13:00:00",NA
2020-09-17,2020-09-17,"13:00:00",NA
2020-09-17,2020-09-17,"13:00:00",NA
2020-09-17,2020-09-17,"13:00:00",NA
2020-09-17,2020-09-17,"13:00:00",NA
2020-09-17,2020-09-17,"13:00:00",NA
2020-09-17,2020-09-17,"13:00:00",NA
2020-09-17,2020-09-17,"13:00:00",NA
2020-09-17,2020-09-17,"13:00:00",NA
2020-09-17,2020-09-17,"13:00:00",NA
2020-09-17,2020-09-17,"13:00:00",NA
2020-09-17,2020-09-17,"13:00:00",NA
2020-09-17,2020-09-17,"13:00:00",NA
2020-09-17,2020-09-17,"13:00:00",NA
2020-09-17,2020-09-17,"13:00:00",NA
2020-09-17,2020-09-17,"13:00:00",NA
2020-09-17,2020-09-17,"13:00:00",NA
2021-09-13,2021-09-13,"12:30:00",13.1
2021-09-13,2021-09-13,"12:30:00",13.1
2021-09-13,2021-09-13,"12:30:00",13.1
2021-09-13,2021-09-13,"12:30:00",13.1
2021-09-13,2021-09-13,"12:30:00",13.1
2021-09-13,2021-09-13,"12:30:00",13.1
2021-09-13,2021-09-13,"12:30:00",13.1
2021-09-13,2021-09-13,"12:30:00",13.1
2021-09-13,2021-09-13,"12:30:00",13.1
2021-09-13,2021-09-13,"12:30:00",13.1
2021-09-13,2021-09-13,"12:30:00",13.1
2021-09-13,2021-09-13,"12:30:00",13.1
2021-09-13,2021-09-13,"12:30:00",13.1
2021-09-13,2021-09-13,"12:30:00",13.1
2021-09-13,2021-09-13,"12:30:00",13.1
2021-09-13,2021-09-13,"12:30:00",13.1
2021-09-13,2021-09-13,"12:30:00",13.1
2021-09-13,2021-09-13,"12:30:00",13.1
2021-09-13,2021-09-13,"12:30:00",13.1
2021-09-13,2021-09-13,"12:30:00",13.1
2021-09-13,2021-09-13,"12:30:00",13.1
2021-09-13,2021-09-13,"12:30:00",13.1
2021-09-13,2021-09-13,"12:30:00",13.1
2021-09-13,2021-09-13,"12:30:00",13.1
2021-09-13,2021-09-13,"12:30:00",13.1
2021-09-13,2021-09-13,"12:30:00",13.1
2021-09-13,2021-09-13,"12:30:00",13.1
2021-09-13,2021-09-13,"12:30:00",13.1
2021-09-13,2021-09-13,"12:30:00",13.1
2021-09-13,2021-09-13,"12:30:00",13.1
2021-09-13,2021-09-13,"12:30:00",13.1
2021-09-13,2021-09-13,"12:30:00",13.1
2021-09-13,2021-09-13,"12:30:00",13.1
2021-09-13,2021-09-13,"12:30:00",13.1
2021-09-13,2021-09-13,"12:30:00",13.1
2021-09-22,2021-09-22,"14:15:00",13.6
2021-09-22,2021-09-22,"14:15:00",13.6
2021-09-22,2021-09-22,"14:15:00",13.6
2021-09-22,2021-09-22,"14:15:00",13.6
2021-09-22,2021-09-22,"14:15:00",13.6
2021-09-22,2021-09-22,"14:15:00",13.6
2021-09-22,2021-09-22,"14:15:00",13.6
2021-09-22,2021-09-22,"14:15:00",13.6
2021-09-22,2021-09-22,"14:15:00",13.6
2021-09-22,2021-09-22,"14:15:00",13.6
2021-09-22,2021-09-22,"14:15:00",13.6
2021-09-22,2021-09-22,"14:15:00",13.6
2021-09-22,2021-09-22,"14:15:00",13.6
2021-09-22,2021-09-22,"14:15:00",13.6
2021-09-22,2021-09-22,"14:15:00",13.6
2021-09-22,2021-09-22,"14:15:00",13.6
2021-09-22,2021-09-22,"14:15:00",13.6
2021-09-22,2021-09-22,"14:15:00",13.6
2021-09-22,2021-09-22,"14:15:00",13.6
2021-09-22,2021-09-22,"14:15:00",13.6
2021-09-22,2021-09-22,"14:15:00",13.6
2021-09-22,2021-09-22,"14:15:00",13.6
2021-09-22,2021-09-22,"14:15:00",13.6
2021-09-22,2021-09-22,"14:15:00",13.6
2021-09-22,2021-09-22,"14:15:00",13.6
2021-09-22,2021-09-22,"14:15:00",13.6
2021-09-22,2021-09-22,"14:15:00",13.6
2021-09-22,2021-09-22,"14:15:00",13.6
2021-09-22,2021-09-22,"14:15:00",13.6
2021-09-22,2021-09-22,"14:15:00",13.6
2021-09-22,2021-09-22,"14:15:00",13.6
2021-09-22,2021-09-22,"14:15:00",13.6
2021-09-22,2021-09-22,"14:15:00",13.6
2021-10-14,2021-10-14,"11:30:00",17
2021-10-14,2021-10-14,"11:30:00",17
2021-10-14,2021-10-14,"11:30:00",17
2021-10-14,2021-10-14,"11:30:00",17
2021-10-14,2021-10-14,"11:30:00",17
2021-10-14,2021-10-14,"11:30:00",17
2021-10-14,2021-10-14,"11:30:00",17
2021-10-14,2021-10-14,"11:30:00",17
2021-10-14,2021-10-14,"11:30:00",17
2021-10-14,2021-10-14,"11:30:00",17
2021-10-14,2021-10-14,"11:30:00",17
2021-10-14,2021-10-14,"11:30:00",17
2021-10-14,2021-10-14,"11:30:00",17
2021-10-14,2021-10-14,"11:30:00",17
2021-10-14,2021-10-14,"11:30:00",17
2021-10-14,2021-10-14,"11:30:00",17
2021-10-14,2021-10-14,"11:30:00",17
2021-10-14,2021-10-14,"11:30:00",17
2021-10-14,2021-10-14,"11:30:00",17
2021-10-14,2021-10-14,"11:30:00",17
2021-10-14,2021-10-14,"11:30:00",17
2021-10-14,2021-10-14,"11:30:00",17
2021-10-14,2021-10-14,"11:30:00",17
2021-10-14,2021-10-14,"11:30:00",17
2021-10-14,2021-10-14,"11:30:00",17
2021-10-14,2021-10-14,"11:30:00",17
2021-10-14,2021-10-14,"11:30:00",17
2021-10-14,2021-10-14,"11:30:00",17
2021-10-14,2021-10-14,"11:30:00",17
2021-10-14,2021-10-14,"11:30:00",17
2021-10-14,2021-10-14,"11:30:00",17
2021-10-14,2021-10-14,"11:30:00",17
2021-10-14,2021-10-14,"11:30:00",17
2021-10-14,2021-10-14,"11:30:00",17
2021-10-14,2021-10-14,"11:30:00",17
2021-10-14,2021-10-14,"11:30:00",17
2021-10-14,2021-10-14,"11:30:00",17
2021-10-14,2021-10-14,"11:30:00",17
2019-09-09,2019-09-09,"10:45:00",13.1
2019-09-09,2019-09-09,"10:45:00",13.1
2019-09-09,2019-09-09,"10:45:00",13.1
2019-09-09,2019-09-09,"10:45:00",13.1
2019-09-09,2019-09-09,"10:45:00",13.1
2019-09-09,2019-09-09,"10:45:00",13.1
2019-09-09,2019-09-09,"10:45:00",13.1
2019-09-09,2019-09-09,"10:45:00",13.1
2019-09-09,2019-09-09,"10:45:00",13.1
2019-09-09,2019-09-09,"10:45:00",13.1
2019-09-09,2019-09-09,"10:45:00",13.1
2019-09-09,2019-09-09,"10:45:00",13.1
2019-09-09,2019-09-09,"10:45:00",13.1
2019-09-09,2019-09-09,"10:45:00",13.1
2019-09-09,2019-09-09,"10:45:00",13.1
2019-09-09,2019-09-09,"10:45:00",13.1
2019-09-09,2019-09-09,"10:45:00",13.1
2019-09-09,2019-09-09,"10:45:00",13.1
2019-09-09,2019-09-09,"10:45:00",13.1
2019-09-09,2019-09-09,"10:45:00",13.1
2019-09-09,2019-09-09,"10:45:00",13.1
2019-09-09,2019-09-09,"10:45:00",13.1
2019-09-09,2019-09-09,"10:45:00",13.1
2019-09-09,2019-09-09,"10:45:00",13.1
2019-09-09,2019-09-09,"10:45:00",13.1
2019-09-09,2019-09-09,"10:45:00",13.1
2019-09-09,2019-09-09,"10:45:00",13.1
2019-09-09,2019-09-09,"10:45:00",13.1
2019-09-09,2019-09-09,"10:45:00",13.1
2019-09-09,2019-09-09,"10:45:00",13.1
2019-09-09,2019-09-09,"10:45:00",13.1
2019-09-09,2019-09-09,"10:45:00",13.1
2019-09-09,2019-09-09,"10:45:00",13.1
2019-09-09,2019-09-09,"10:45:00",13.1
2019-09-09,2019-09-09,"10:45:00",13.1
2019-09-09,2019-09-09,"10:45:00",13.1
2019-09-09,2019-09-09,"10:45:00",13.1
2019-09-09,2019-09-09,"10:45:00",13.1
2019-09-09,2019-09-09,"10:45:00",13.1
2019-09-09,2019-09-09,"10:45:00",13.1
2019-09-09,2019-09-09,"10:45:00",13.1
2019-09-09,2019-09-09,"10:45:00",13.1
2019-09-09,2019-09-09,"10:45:00",13.1
2019-09-09,2019-09-09,"10:45:00",13.1
2021-10-14,2021-10-14,"10:30:00",14.34
2021-10-14,2021-10-14,"10:30:00",14.34
2021-10-14,2021-10-14,"10:30:00",14.34
2021-10-14,2021-10-14,"10:30:00",14.34
2021-10-14,2021-10-14,"10:30:00",14.34
2021-10-14,2021-10-14,"10:30:00",14.34
2021-10-14,2021-10-14,"10:30:00",14.34
2021-10-14,2021-10-14,"10:30:00",14.34
2021-10-14,2021-10-14,"10:30:00",14.34
2021-10-14,2021-10-14,"10:30:00",14.34
2021-10-14,2021-10-14,"10:30:00",14.34
2021-10-14,2021-10-14,"10:30:00",14.34
2021-10-14,2021-10-14,"10:30:00",14.34
2021-10-14,2021-10-14,"10:30:00",14.34
2021-10-14,2021-10-14,"10:30:00",14.34
2021-10-14,2021-10-14,"10:30:00",14.34
2021-10-14,2021-10-14,"10:30:00",14.34
2021-10-14,2021-10-14,"10:30:00",14.34
2021-10-14,2021-10-14,"10:30:00",14.34
2021-10-14,2021-10-14,"10:30:00",14.34
2021-10-14,2021-10-14,"10:30:00",14.34
2021-10-14,2021-10-14,"10:30:00",14.34
2021-10-14,2021-10-14,"10:30:00",14.34
2021-10-14,2021-10-14,"10:30:00",14.34
2021-10-14,2021-10-14,"10:30:00",14.34
2021-10-14,2021-10-14,"10:30:00",14.34
2021-10-14,2021-10-14,"10:30:00",14.34
2021-10-14,2021-10-14,"10:30:00",14.34
2018-09-28,2018-09-28,"13:45:00",14.2
2018-09-28,2018-09-28,"13:45:00",14.2
2018-09-28,2018-09-28,"13:45:00",14.2
2018-09-28,2018-09-28,"13:45:00",14.2
2018-09-28,2018-09-28,"13:45:00",14.2
2018-09-28,2018-09-28,"13:45:00",14.2
2018-09-28,2018-09-28,"13:45:00",14.2
2018-09-28,2018-09-28,"13:45:00",14.2
2018-09-28,2018-09-28,"13:45:00",14.2
2018-09-28,2018-09-28,"13:45:00",14.2
2018-09-28,2018-09-28,"13:45:00",14.2
2018-09-28,2018-09-28,"13:45:00",14.2
2018-09-28,2018-09-28,"13:45:00",14.2
2018-09-28,2018-09-28,"13:45:00",14.2
2018-09-28,2018-09-28,"13:45:00",14.2
2018-09-28,2018-09-28,"13:45:00",14.2
2018-09-28,2018-09-28,"13:45:00",14.2
2018-09-28,2018-09-28,"13:45:00",14.2
2018-09-28,2018-09-28,"13:45:00",14.2
2018-09-28,2018-09-28,"13:45:00",14.2
2018-09-28,2018-09-28,"13:45:00",14.2
2018-09-28,2018-09-28,"13:45:00",14.2
2018-09-28,2018-09-28,"13:45:00",14.2
2018-09-28,2018-09-28,"13:45:00",14.2
2018-09-28,2018-09-28,"13:45:00",14.2
2018-09-28,2018-09-28,"13:45:00",14.2
2018-09-28,2018-09-28,"13:45:00",14.2
2018-09-28,2018-09-28,"13:45:00",14.2
2018-09-28,2018-09-28,"13:45:00",14.2
2018-09-28,2018-09-28,"13:45:00",14.2
2018-09-28,2018-09-28,"13:45:00",14.2
2018-09-28,2018-09-28,"13:45:00",14.2
2018-09-28,2018-09-28,"13:45:00",14.2
2018-09-28,2018-09-28,"13:45:00",14.2
2018-09-28,2018-09-28,"13:45:00",14.2
2018-09-28,2018-09-28,"13:45:00",14.2
2018-09-28,2018-09-28,"13:45:00",14.2
2018-09-28,2018-09-28,"13:45:00",14.2
2018-09-28,2018-09-28,"13:45:00",14.2
2018-09-28,2018-09-28,"13:45:00",14.2
2018-09-28,2018-09-28,"13:45:00",14.2
2018-09-28,2018-09-28,"13:45:00",14.2
2020-09-09,2020-09-09,"12:15:00",13
2020-09-09,2020-09-09,"12:15:00",13
2020-09-09,2020-09-09,"12:15:00",13
2020-09-09,2020-09-09,"12:15:00",13
2020-09-09,2020-09-09,"12:15:00",13
2020-09-09,2020-09-09,"12:15:00",13
2020-09-09,2020-09-09,"12:15:00",13
2020-09-09,2020-09-09,"12:15:00",13
2020-09-09,2020-09-09,"12:15:00",13
2020-09-09,2020-09-09,"12:15:00",13
2020-09-09,2020-09-09,"12:15:00",13
2020-09-09,2020-09-09,"12:15:00",13
2020-09-09,2020-09-09,"12:15:00",13
2020-09-09,2020-09-09,"12:15:00",13
2020-09-09,2020-09-09,"12:15:00",13
2020-09-09,2020-09-09,"12:15:00",13
2020-09-09,2020-09-09,"12:15:00",13
2020-09-09,2020-09-09,"12:15:00",13
2020-09-09,2020-09-09,"12:15:00",13
2020-09-09,2020-09-09,"12:15:00",13
2020-09-09,2020-09-09,"12:15:00",13
2020-09-09,2020-09-09,"12:15:00",13
2020-09-09,2020-09-09,"12:15:00",13
2020-09-09,2020-09-09,"12:15:00",13
2020-09-09,2020-09-09,"12:15:00",13
2020-09-09,2020-09-09,"12:15:00",13
2020-09-09,2020-09-09,"12:15:00",13
2020-09-09,2020-09-09,"12:15:00",13
2020-09-09,2020-09-09,"12:15:00",13
2020-09-09,2020-09-09,"12:15:00",13
2020-09-09,2020-09-09,"12:15:00",13
2020-09-09,2020-09-09,"12:15:00",13
2020-09-09,2020-09-09,"12:15:00",13
2020-09-09,2020-09-09,"12:15:00",13
2020-09-09,2020-09-09,"12:15:00",13
2020-09-09,2020-09-09,"12:15:00",13
2020-09-09,2020-09-09,"12:15:00",13
2020-09-09,2020-09-09,"12:15:00",13
2020-09-09,2020-09-09,"12:15:00",13
2020-09-09,2020-09-09,"12:15:00",13
2020-08-24,2020-08-24,"11:15:00",14.9
2020-08-24,2020-08-24,"11:15:00",14.9
2020-08-24,2020-08-24,"11:15:00",14.9
2020-08-24,2020-08-24,"11:15:00",14.9
2020-08-24,2020-08-24,"11:15:00",14.9
2020-08-24,2020-08-24,"11:15:00",14.9
2020-08-24,2020-08-24,"11:15:00",14.9
2020-08-24,2020-08-24,"11:15:00",14.9
2020-08-24,2020-08-24,"11:15:00",14.9
2020-08-24,2020-08-24,"11:15:00",14.9
2020-08-24,2020-08-24,"11:15:00",14.9
2020-08-24,2020-08-24,"11:15:00",14.9
2020-08-24,2020-08-24,"11:15:00",14.9
2020-08-24,2020-08-24,"11:15:00",14.9
2020-08-24,2020-08-24,"11:15:00",14.9
2020-08-24,2020-08-24,"11:15:00",14.9
2020-08-24,2020-08-24,"11:15:00",14.9
2020-08-24,2020-08-24,"11:15:00",14.9
2020-08-24,2020-08-24,"11:15:00",14.9
2020-08-24,2020-08-24,"11:15:00",14.9
2020-08-24,2020-08-24,"11:15:00",14.9
2020-08-24,2020-08-24,"11:15:00",14.9
2020-08-24,2020-08-24,"11:15:00",14.9
2020-08-24,2020-08-24,"11:15:00",14.9
2020-08-24,2020-08-24,"11:15:00",14.9
2020-08-24,2020-08-24,"11:15:00",14.9
2020-08-24,2020-08-24,"11:15:00",14.9
2020-08-24,2020-08-24,"11:15:00",14.9
2020-08-24,2020-08-24,"11:15:00",14.9
2020-08-24,2020-08-24,"11:15:00",14.9
2020-08-24,2020-08-24,"11:15:00",14.9
2020-08-24,2020-08-24,"11:15:00",14.9
2020-08-24,2020-08-24,"11:15:00",14.9
2020-08-24,2020-08-24,"11:15:00",14.9
2020-08-24,2020-08-24,"11:15:00",14.9
2020-08-24,2020-08-24,"11:15:00",14.9
2020-08-24,2020-08-24,"11:15:00",14.9
2020-08-24,2020-08-24,"11:15:00",14.9
2020-08-24,2020-08-24,"11:15:00",14.9
2020-08-24,2020-08-24,"11:15:00",14.9
2020-08-24,2020-08-24,"11:15:00",14.9
2020-08-24,2020-08-24,"11:15:00",14.9
2020-08-24,2020-08-24,"11:15:00",14.9
2020-08-24,2020-08-24,"11:15:00",14.9
2019-09-17,2019-09-17,"15:58:00",13
2019-09-17,2019-09-17,"15:58:00",13
2019-09-17,2019-09-17,"15:58:00",13
2019-09-17,2019-09-17,"15:58:00",13
2019-09-17,2019-09-17,"15:58:00",13
2019-09-17,2019-09-17,"15:58:00",13
2019-09-17,2019-09-17,"15:58:00",13
2019-09-17,2019-09-17,"15:58:00",13
2019-09-17,2019-09-17,"15:58:00",13
2019-09-17,2019-09-17,"15:58:00",13
2019-09-17,2019-09-17,"15:58:00",13
2019-09-17,2019-09-17,"15:58:00",13
2019-09-17,2019-09-17,"15:58:00",13
2019-09-17,2019-09-17,"15:58:00",13
2019-09-17,2019-09-17,"15:58:00",13
2019-09-17,2019-09-17,"15:58:00",13
2019-09-17,2019-09-17,"15:58:00",13
2019-09-17,2019-09-17,"15:58:00",13
2019-09-17,2019-09-17,"15:58:00",13
2019-09-17,2019-09-17,"15:58:00",13
2019-09-17,2019-09-17,"15:58:00",13
2019-09-17,2019-09-17,"15:58:00",13
2019-09-17,2019-09-17,"15:58:00",13
2019-09-17,2019-09-17,"15:58:00",13
2019-09-17,2019-09-17,"15:58:00",13
2019-09-17,2019-09-17,"15:58:00",13
2019-09-17,2019-09-17,"15:58:00",13
2021-09-16,2021-09-16,"11:25:00",14.5
2021-09-16,2021-09-16,"11:25:00",14.5
2021-09-16,2021-09-16,"11:25:00",14.5
2021-09-16,2021-09-16,"11:25:00",14.5
2021-09-16,2021-09-16,"11:25:00",14.5
2021-09-16,2021-09-16,"11:25:00",14.5
2021-09-16,2021-09-16,"11:25:00",14.5
2021-09-16,2021-09-16,"11:25:00",14.5
2021-09-16,2021-09-16,"11:25:00",14.5
2021-09-16,2021-09-16,"11:25:00",14.5
2021-09-16,2021-09-16,"11:25:00",14.5
2021-09-16,2021-09-16,"11:25:00",14.5
2021-09-16,2021-09-16,"11:25:00",14.5
2021-09-16,2021-09-16,"11:25:00",14.5
2021-09-16,2021-09-16,"11:25:00",14.5
2021-09-16,2021-09-16,"11:25:00",14.5
2021-09-16,2021-09-16,"11:25:00",14.5
2021-09-16,2021-09-16,"11:25:00",14.5
2021-09-16,2021-09-16,"11:25:00",14.5
2021-09-16,2021-09-16,"11:25:00",14.5
2021-09-16,2021-09-16,"11:25:00",14.5
2021-09-16,2021-09-16,"11:25:00",14.5
2021-09-16,2021-09-16,"11:25:00",14.5
2021-09-16,2021-09-16,"11:25:00",14.5
2021-09-16,2021-09-16,"11:25:00",14.5
2021-09-16,2021-09-16,"11:25:00",14.5
2021-09-16,2021-09-16,"11:25:00",14.5
2021-09-16,2021-09-16,"11:25:00",14.5
2021-09-16,2021-09-16,"11:25:00",14.5
2018-09-20,2018-09-20,"15:00:00",12
2018-09-20,2018-09-20,"15:00:00",12
2018-09-20,2018-09-20,"15:00:00",12
2018-09-20,2018-09-20,"15:00:00",12
2018-09-20,2018-09-20,"15:00:00",12
2018-09-20,2018-09-20,"15:00:00",12
2018-09-20,2018-09-20,"15:00:00",12
2018-09-20,2018-09-20,"15:00:00",12
2018-09-20,2018-09-20,"15:00:00",12
2018-09-20,2018-09-20,"15:00:00",12
2018-09-20,2018-09-20,"15:00:00",12
2018-09-20,2018-09-20,"15:00:00",12
2018-09-20,2018-09-20,"15:00:00",12
2018-09-20,2018-09-20,"15:00:00",12
2018-09-20,2018-09-20,"15:00:00",12
2018-09-20,2018-09-20,"15:00:00",12
2018-09-20,2018-09-20,"15:00:00",12
2018-09-20,2018-09-20,"15:00:00",12
2018-09-20,2018-09-20,"15:00:00",12
2018-09-20,2018-09-20,"15:00:00",12
2018-09-20,2018-09-20,"15:00:00",12
2018-09-20,2018-09-20,"15:00:00",12
2018-09-20,2018-09-20,"15:00:00",12
2018-09-20,2018-09-20,"15:00:00",12
2018-09-20,2018-09-20,"15:00:00",12
2018-09-20,2018-09-20,"15:00:00",12
2018-09-20,2018-09-20,"15:00:00",12
2018-09-20,2018-09-20,"15:00:00",12
2018-09-20,2018-09-20,"15:00:00",12
2018-09-20,2018-09-20,"15:00:00",12
2018-09-20,2018-09-20,"15:00:00",12
2018-09-20,2018-09-20,"15:00:00",12
2018-09-20,2018-09-20,"15:00:00",12
2018-09-20,2018-09-20,"15:00:00",12
2018-09-20,2018-09-20,"15:00:00",12
2018-09-20,2018-09-20,"15:00:00",12
2018-09-20,2018-09-20,"15:00:00",12
2018-09-20,2018-09-20,"15:00:00",12
2018-09-20,2018-09-20,"15:00:00",12
2020-09-21,2020-09-21,"12:30:00",7.9
2020-09-21,2020-09-21,"12:30:00",7.9
2020-09-21,2020-09-21,"12:30:00",7.9
2020-09-21,2020-09-21,"12:30:00",7.9
2020-09-21,2020-09-21,"12:30:00",7.9
2020-09-21,2020-09-21,"12:30:00",7.9
2020-09-21,2020-09-21,"12:30:00",7.9
2020-09-21,2020-09-21,"12:30:00",7.9
2020-09-21,2020-09-21,"12:30:00",7.9
2020-09-21,2020-09-21,"12:30:00",7.9
2020-09-21,2020-09-21,"12:30:00",7.9
2020-09-21,2020-09-21,"12:30:00",7.9
2020-09-21,2020-09-21,"12:30:00",7.9
2020-09-21,2020-09-21,"12:30:00",7.9
2020-09-21,2020-09-21,"12:30:00",7.9
2020-09-21,2020-09-21,"12:30:00",7.9
2020-09-21,2020-09-21,"12:30:00",7.9
2020-09-21,2020-09-21,"12:30:00",7.9
2020-09-21,2020-09-21,"12:30:00",7.9
2020-09-21,2020-09-21,"12:30:00",7.9
2020-09-21,2020-09-21,"12:30:00",7.9
2020-09-21,2020-09-21,"12:30:00",7.9
2020-09-21,2020-09-21,"12:30:00",7.9
2020-09-21,2020-09-21,"12:30:00",7.9
2020-09-21,2020-09-21,"12:30:00",7.9
2020-09-21,2020-09-21,"12:30:00",7.9
2020-09-21,2020-09-21,"12:30:00",7.9
2020-09-21,2020-09-21,"12:30:00",7.9
2020-09-21,2020-09-21,"12:30:00",7.9
2020-09-21,2020-09-21,"12:30:00",7.9
2020-09-21,2020-09-21,"12:30:00",7.9
2020-09-21,2020-09-21,"12:30:00",7.9
2020-09-21,2020-09-21,"12:30:00",7.9
2020-09-21,2020-09-21,"12:30:00",7.9
2020-09-21,2020-09-21,"12:30:00",7.9
2020-09-21,2020-09-21,"12:30:00",7.9
2020-09-21,2020-09-21,"12:30:00",7.9
2020-09-21,2020-09-21,"12:30:00",7.9
2020-09-21,2020-09-21,"12:30:00",7.9
2016-09-21,2016-09-21,"11:00:00",14.6
2016-09-21,2016-09-21,"11:00:00",14.6
2016-09-21,2016-09-21,"11:00:00",14.6
2016-09-21,2016-09-21,"11:00:00",14.6
2016-09-21,2016-09-21,"11:00:00",14.6
2016-09-21,2016-09-21,"11:00:00",14.6
2016-09-21,2016-09-21,"11:00:00",14.6
2016-09-21,2016-09-21,"11:00:00",14.6
2016-09-21,2016-09-21,"11:00:00",14.6
2016-09-21,2016-09-21,"11:00:00",14.6
2016-09-21,2016-09-21,"11:00:00",14.6
2016-09-21,2016-09-21,"11:00:00",14.6
2016-09-21,2016-09-21,"11:00:00",14.6
2016-09-21,2016-09-21,"11:00:00",14.6
2016-09-21,2016-09-21,"11:00:00",14.6
2016-09-21,2016-09-21,"11:00:00",14.6
2016-09-21,2016-09-21,"11:00:00",14.6
2016-09-21,2016-09-21,"11:00:00",14.6
2016-09-21,2016-09-21,"11:00:00",14.6
2016-09-21,2016-09-21,"11:00:00",14.6
2016-09-21,2016-09-21,"11:00:00",14.6
2016-09-21,2016-09-21,"11:00:00",14.6
2016-09-21,2016-09-21,"11:00:00",14.6
2016-09-21,2016-09-21,"11:00:00",14.6
2016-09-21,2016-09-21,"11:00:00",14.6
2016-09-21,2016-09-21,"11:00:00",14.6
2016-09-21,2016-09-21,"11:00:00",14.6
2016-09-21,2016-09-21,"11:00:00",14.6
2016-09-21,2016-09-21,"11:00:00",14.6
2016-09-21,2016-09-21,"11:00:00",14.6
2016-09-21,2016-09-21,"11:00:00",14.6
2016-09-21,2016-09-21,"11:00:00",14.6
2016-09-21,2016-09-21,"11:00:00",14.6
2016-09-21,2016-09-21,"11:00:00",14.6
2016-09-21,2016-09-21,"11:00:00",14.6
2016-09-21,2016-09-21,"11:00:00",14.6
2016-09-21,2016-09-21,"11:00:00",14.6
2016-09-21,2016-09-21,"11:00:00",14.6
2016-09-21,2016-09-21,"11:00:00",14.6
2016-09-21,2016-09-21,"11:00:00",14.6
2016-09-21,2016-09-21,"11:00:00",14.6
2016-09-21,2016-09-21,"11:00:00",14.6
2016-09-21,2016-09-21,"11:00:00",14.6
2017-09-15,2017-09-15,"09:30:00",17.5
2017-09-15,2017-09-15,"09:30:00",17.5
2017-09-15,2017-09-15,"09:30:00",17.5
2017-09-15,2017-09-15,"09:30:00",17.5
2017-09-15,2017-09-15,"09:30:00",17.5
2017-09-15,2017-09-15,"09:30:00",17.5
2017-09-15,2017-09-15,"09:30:00",17.5
2017-09-15,2017-09-15,"09:30:00",17.5
2017-09-15,2017-09-15,"09:30:00",17.5
2017-09-15,2017-09-15,"09:30:00",17.5
2017-09-15,2017-09-15,"09:30:00",17.5
2017-09-15,2017-09-15,"09:30:00",17.5
2017-09-15,2017-09-15,"09:30:00",17.5
2017-09-15,2017-09-15,"09:30:00",17.5
2017-09-15,2017-09-15,"09:30:00",17.5
2017-09-15,2017-09-15,"09:30:00",17.5
2017-09-15,2017-09-15,"09:30:00",17.5
2017-09-15,2017-09-15,"09:30:00",17.5
2017-09-15,2017-09-15,"09:30:00",17.5
2017-09-15,2017-09-15,"09:30:00",17.5
2017-09-15,2017-09-15,"09:30:00",17.5
2017-09-15,2017-09-15,"09:30:00",17.5
2017-09-15,2017-09-15,"09:30:00",17.5
2017-09-15,2017-09-15,"09:30:00",17.5
2017-09-15,2017-09-15,"09:30:00",17.5
2017-09-15,2017-09-15,"09:30:00",17.5
2017-09-15,2017-09-15,"09:30:00",17.5
2017-09-15,2017-09-15,"09:30:00",17.5
2017-09-15,2017-09-15,"09:30:00",17.5
2017-09-15,2017-09-15,"09:30:00",17.5
2017-09-15,2017-09-15,"09:30:00",17.5
2017-09-15,2017-09-15,"09:30:00",17.5
2017-09-15,2017-09-15,"09:30:00",17.5
2017-09-15,2017-09-15,"09:30:00",17.5
2017-09-15,2017-09-15,"09:30:00",17.5
2018-09-07,2018-09-07,"10:30:00",14.5
2018-09-07,2018-09-07,"10:30:00",14.5
2018-09-07,2018-09-07,"10:30:00",14.5
2018-09-07,2018-09-07,"10:30:00",14.5
2018-09-07,2018-09-07,"10:30:00",14.5
2018-09-07,2018-09-07,"10:30:00",14.5
2018-09-07,2018-09-07,"10:30:00",14.5
2018-09-07,2018-09-07,"10:30:00",14.5
2018-09-07,2018-09-07,"10:30:00",14.5
2018-09-07,2018-09-07,"10:30:00",14.5
2018-09-07,2018-09-07,"10:30:00",14.5
2018-09-07,2018-09-07,"10:30:00",14.5
2018-09-07,2018-09-07,"10:30:00",14.5
2018-09-07,2018-09-07,"10:30:00",14.5
2018-09-07,2018-09-07,"10:30:00",14.5
2018-09-07,2018-09-07,"10:30:00",14.5
2018-09-07,2018-09-07,"10:30:00",14.5
2018-09-07,2018-09-07,"10:30:00",14.5
2018-09-07,2018-09-07,"10:30:00",14.5
2018-09-07,2018-09-07,"10:30:00",14.5
2018-09-07,2018-09-07,"10:30:00",14.5
2018-09-07,2018-09-07,"10:30:00",14.5
2018-09-07,2018-09-07,"10:30:00",14.5
2018-09-07,2018-09-07,"10:30:00",14.5
2018-09-07,2018-09-07,"10:30:00",14.5
2018-09-07,2018-09-07,"10:30:00",14.5
2018-09-07,2018-09-07,"10:30:00",14.5
2018-09-07,2018-09-07,"10:30:00",14.5
2018-09-07,2018-09-07,"10:30:00",14.5
2018-09-07,2018-09-07,"10:30:00",14.5
2018-09-07,2018-09-07,"10:30:00",14.5
2018-09-07,2018-09-07,"10:30:00",14.5
2018-09-07,2018-09-07,"10:30:00",14.5
2018-09-07,2018-09-07,"10:30:00",14.5
2019-09-13,2019-09-13,"10:00:00",11.9
2019-09-13,2019-09-13,"10:00:00",11.9
2019-09-13,2019-09-13,"10:00:00",11.9
2019-09-13,2019-09-13,"10:00:00",11.9
2019-09-13,2019-09-13,"10:00:00",11.9
2019-09-13,2019-09-13,"10:00:00",11.9
2019-09-13,2019-09-13,"10:00:00",11.9
2019-09-13,2019-09-13,"10:00:00",11.9
2019-09-13,2019-09-13,"10:00:00",11.9
2019-09-13,2019-09-13,"10:00:00",11.9
2019-09-13,2019-09-13,"10:00:00",11.9
2019-09-13,2019-09-13,"10:00:00",11.9
2019-09-13,2019-09-13,"10:00:00",11.9
2019-09-13,2019-09-13,"10:00:00",11.9
2019-09-13,2019-09-13,"10:00:00",11.9
2019-09-13,2019-09-13,"10:00:00",11.9
2019-09-13,2019-09-13,"10:00:00",11.9
2019-09-13,2019-09-13,"10:00:00",11.9
2019-09-13,2019-09-13,"10:00:00",11.9
2019-09-13,2019-09-13,"10:00:00",11.9
2019-09-13,2019-09-13,"10:00:00",11.9
2019-09-13,2019-09-13,"10:00:00",11.9
2019-09-13,2019-09-13,"10:00:00",11.9
2019-09-13,2019-09-13,"10:00:00",11.9
2019-09-13,2019-09-13,"10:00:00",11.9
2019-09-13,2019-09-13,"10:00:00",11.9
2019-09-13,2019-09-13,"10:00:00",11.9
2019-09-13,2019-09-13,"10:00:00",11.9
2019-09-13,2019-09-13,"10:00:00",11.9
2019-09-13,2019-09-13,"10:00:00",11.9
2019-09-13,2019-09-13,"10:00:00",11.9
2019-09-13,2019-09-13,"10:00:00",11.9
2019-09-13,2019-09-13,"10:00:00",11.9
2019-09-13,2019-09-13,"10:00:00",11.9
2019-09-13,2019-09-13,"10:00:00",11.9
2019-09-13,2019-09-13,"10:00:00",11.9
2019-09-13,2019-09-13,"10:00:00",11.9
2019-09-13,2019-09-13,"10:00:00",11.9
2019-09-13,2019-09-13,"10:00:00",11.9
2019-09-13,2019-09-13,"10:00:00",11.9
2020-09-18,2020-09-18,"10:15:00",11.2
2020-09-18,2020-09-18,"10:15:00",11.2
2020-09-18,2020-09-18,"10:15:00",11.2
2020-09-18,2020-09-18,"10:15:00",11.2
2020-09-18,2020-09-18,"10:15:00",11.2
2020-09-18,2020-09-18,"10:15:00",11.2
2020-09-18,2020-09-18,"10:15:00",11.2
2020-09-18,2020-09-18,"10:15:00",11.2
2020-09-18,2020-09-18,"10:15:00",11.2
2020-09-18,2020-09-18,"10:15:00",11.2
2020-09-18,2020-09-18,"10:15:00",11.2
2020-09-18,2020-09-18,"10:15:00",11.2
2020-09-18,2020-09-18,"10:15:00",11.2
2020-09-18,2020-09-18,"10:15:00",11.2
2020-09-18,2020-09-18,"10:15:00",11.2
2020-09-18,2020-09-18,"10:15:00",11.2
2020-09-18,2020-09-18,"10:15:00",11.2
2020-09-18,2020-09-18,"10:15:00",11.2
2020-09-18,2020-09-18,"10:15:00",11.2
2020-09-18,2020-09-18,"10:15:00",11.2
2020-09-18,2020-09-18,"10:15:00",11.2
2020-09-18,2020-09-18,"10:15:00",11.2
2020-09-18,2020-09-18,"10:15:00",11.2
2020-09-18,2020-09-18,"10:15:00",11.2
2020-09-18,2020-09-18,"10:15:00",11.2
2020-09-18,2020-09-18,"10:15:00",11.2
2020-09-18,2020-09-18,"10:15:00",11.2
2020-09-18,2020-09-18,"10:15:00",11.2
2020-09-18,2020-09-18,"10:15:00",11.2
2020-09-18,2020-09-18,"10:15:00",11.2
2020-09-18,2020-09-18,"10:15:00",11.2
2020-09-18,2020-09-18,"10:15:00",11.2
2020-09-18,2020-09-18,"10:15:00",11.2
2020-09-18,2020-09-18,"10:15:00",11.2
2020-09-18,2020-09-18,"10:15:00",11.2
2020-09-18,2020-09-18,"10:15:00",11.2
2020-09-18,2020-09-18,"10:15:00",11.2
2020-09-18,2020-09-18,"10:15:00",11.2
2020-09-18,2020-09-18,"10:15:00",11.2
2020-09-18,2020-09-18,"10:15:00",11.2
2020-09-18,2020-09-18,"10:15:00",11.2
2020-09-18,2020-09-18,"10:15:00",11.2
2020-09-18,2020-09-18,"10:15:00",11.2
2020-09-18,2020-09-18,"10:15:00",11.2
2021-09-24,2021-09-24,"10:00:00",14.5
2021-09-24,2021-09-24,"10:00:00",14.5
2021-09-24,2021-09-24,"10:00:00",14.5
2021-09-24,2021-09-24,"10:00:00",14.5
2021-09-24,2021-09-24,"10:00:00",14.5
2021-09-24,2021-09-24,"10:00:00",14.5
2021-09-24,2021-09-24,"10:00:00",14.5
2021-09-24,2021-09-24,"10:00:00",14.5
2021-09-24,2021-09-24,"10:00:00",14.5
2021-09-24,2021-09-24,"10:00:00",14.5
2021-09-24,2021-09-24,"10:00:00",14.5
2021-09-24,2021-09-24,"10:00:00",14.5
2021-09-24,2021-09-24,"10:00:00",14.5
2021-09-24,2021-09-24,"10:00:00",14.5
2021-09-24,2021-09-24,"10:00:00",14.5
2021-09-24,2021-09-24,"10:00:00",14.5
2021-09-24,2021-09-24,"10:00:00",14.5
2021-09-24,2021-09-24,"10:00:00",14.5
2021-09-24,2021-09-24,"10:00:00",14.5
2021-09-24,2021-09-24,"10:00:00",14.5
2021-09-24,2021-09-24,"10:00:00",14.5
2021-09-24,2021-09-24,"10:00:00",14.5
2021-09-24,2021-09-24,"10:00:00",14.5
2021-09-24,2021-09-24,"10:00:00",14.5
2021-09-24,2021-09-24,"10:00:00",14.5
2021-09-24,2021-09-24,"10:00:00",14.5
2021-09-24,2021-09-24,"10:00:00",14.5
2021-09-24,2021-09-24,"10:00:00",14.5
2021-09-24,2021-09-24,"10:00:00",14.5
2021-09-24,2021-09-24,"10:00:00",14.5
2021-09-24,2021-09-24,"10:00:00",14.5
2021-09-24,2021-09-24,"10:00:00",14.5
2021-09-24,2021-09-24,"10:00:00",14.5
2021-09-24,2021-09-24,"10:00:00",14.5
2021-09-24,2021-09-24,"10:00:00",14.5
2021-09-24,2021-09-24,"10:00:00",14.5
2016-09-23,2016-09-23,"09:30:00",12
2016-09-23,2016-09-23,"09:30:00",12
2016-09-23,2016-09-23,"09:30:00",12
2016-09-23,2016-09-23,"09:30:00",12
2016-09-23,2016-09-23,"09:30:00",12
2016-09-23,2016-09-23,"09:30:00",12
2016-09-23,2016-09-23,"09:30:00",12
2016-09-23,2016-09-23,"09:30:00",12
2016-09-23,2016-09-23,"09:30:00",12
2016-09-23,2016-09-23,"09:30:00",12
2016-09-23,2016-09-23,"09:30:00",12
2016-09-23,2016-09-23,"09:30:00",12
2016-09-23,2016-09-23,"09:30:00",12
2016-09-23,2016-09-23,"09:30:00",12
2016-09-23,2016-09-23,"09:30:00",12
2016-09-23,2016-09-23,"09:30:00",12
2016-09-23,2016-09-23,"09:30:00",12
2016-09-23,2016-09-23,"09:30:00",12
2016-09-23,2016-09-23,"09:30:00",12
2016-09-23,2016-09-23,"09:30:00",12
2016-09-23,2016-09-23,"09:30:00",12
2016-09-23,2016-09-23,"09:30:00",12
2016-09-23,2016-09-23,"09:30:00",12
2016-09-23,2016-09-23,"09:30:00",12
2016-09-23,2016-09-23,"09:30:00",12
2016-09-23,2016-09-23,"09:30:00",12
2016-09-23,2016-09-23,"09:30:00",12
2016-09-23,2016-09-23,"09:30:00",12
2016-09-23,2016-09-23,"09:30:00",12
2016-09-23,2016-09-23,"09:30:00",12
2016-09-23,2016-09-23,"09:30:00",12
2016-09-23,2016-09-23,"09:30:00",12
2016-09-23,2016-09-23,"09:30:00",12
2016-09-23,2016-09-23,"09:30:00",12
2016-09-23,2016-09-23,"09:30:00",12
2016-09-23,2016-09-23,"09:30:00",12
2016-09-23,2016-09-23,"09:30:00",12
2016-09-23,2016-09-23,"09:30:00",12
2016-09-23,2016-09-23,"09:30:00",12
2021-09-17,2021-09-17,"11:00:00",13.8
2021-09-17,2021-09-17,"11:00:00",13.8
2021-09-17,2021-09-17,"11:00:00",13.8
2021-09-17,2021-09-17,"11:00:00",13.8
2021-09-17,2021-09-17,"11:00:00",13.8
2021-09-17,2021-09-17,"11:00:00",13.8
2021-09-17,2021-09-17,"11:00:00",13.8
2021-09-17,2021-09-17,"11:00:00",13.8
2021-09-17,2021-09-17,"11:00:00",13.8
2021-09-17,2021-09-17,"11:00:00",13.8
2021-09-17,2021-09-17,"11:00:00",13.8
2021-09-17,2021-09-17,"11:00:00",13.8
2021-09-17,2021-09-17,"11:00:00",13.8
2021-09-17,2021-09-17,"11:00:00",13.8
2021-09-17,2021-09-17,"11:00:00",13.8
2021-09-17,2021-09-17,"11:00:00",13.8
2021-09-17,2021-09-17,"11:00:00",13.8
2021-09-17,2021-09-17,"11:00:00",13.8
2021-09-17,2021-09-17,"11:00:00",13.8
2021-09-17,2021-09-17,"11:00:00",13.8
2021-09-17,2021-09-17,"11:00:00",13.8
2021-09-17,2021-09-17,"11:00:00",13.8
2021-09-17,2021-09-17,"11:00:00",13.8
2021-09-17,2021-09-17,"11:00:00",13.8
2021-09-17,2021-09-17,"11:00:00",13.8
2021-09-17,2021-09-17,"11:00:00",13.8
2021-09-17,2021-09-17,"11:00:00",13.8
2021-09-17,2021-09-17,"11:00:00",13.8
2021-09-17,2021-09-17,"11:00:00",13.8
2021-09-17,2021-09-17,"11:00:00",13.8
2021-09-17,2021-09-17,"11:00:00",13.8
2021-09-17,2021-09-17,"11:00:00",13.8
2021-09-17,2021-09-17,"11:00:00",13.8
2021-09-17,2021-09-17,"11:00:00",13.8
2021-09-17,2021-09-17,"11:00:00",13.8
2021-09-17,2021-09-17,"11:00:00",13.8
2021-09-17,2021-09-17,"11:00:00",13.8
2021-09-17,2021-09-17,"11:00:00",13.8
2021-09-17,2021-09-17,"11:00:00",13.8
2021-09-17,2021-09-17,"11:00:00",13.8
2021-09-17,2021-09-17,"11:00:00",13.8
2017-10-02,2017-10-02,"12:30:00",10.1
2017-10-02,2017-10-02,"12:30:00",10.1
2017-10-02,2017-10-02,"12:30:00",10.1
2017-10-02,2017-10-02,"12:30:00",10.1
2017-10-02,2017-10-02,"12:30:00",10.1
2017-10-02,2017-10-02,"12:30:00",10.1
2017-10-02,2017-10-02,"12:30:00",10.1
2017-10-02,2017-10-02,"12:30:00",10.1
2017-10-02,2017-10-02,"12:30:00",10.1
2017-10-02,2017-10-02,"12:30:00",10.1
2017-10-02,2017-10-02,"12:30:00",10.1
2017-10-02,2017-10-02,"12:30:00",10.1
2017-10-02,2017-10-02,"12:30:00",10.1
2017-10-02,2017-10-02,"12:30:00",10.1
2017-10-02,2017-10-02,"12:30:00",10.1
2017-10-02,2017-10-02,"12:30:00",10.1
2017-10-02,2017-10-02,"12:30:00",10.1
2017-10-02,2017-10-02,"12:30:00",10.1
2017-10-02,2017-10-02,"12:30:00",10.1
2017-10-02,2017-10-02,"12:30:00",10.1
2017-10-02,2017-10-02,"12:30:00",10.1
2017-10-02,2017-10-02,"12:30:00",10.1
2017-10-02,2017-10-02,"12:30:00",10.1
2017-10-02,2017-10-02,"12:30:00",10.1
2017-10-02,2017-10-02,"12:30:00",10.1
2017-10-02,2017-10-02,"12:30:00",10.1
2017-10-02,2017-10-02,"12:30:00",10.1
2017-10-02,2017-10-02,"12:30:00",10.1
2017-10-02,2017-10-02,"12:30:00",10.1
2017-10-02,2017-10-02,"12:30:00",10.1
2017-10-02,2017-10-02,"12:30:00",10.1
2017-10-02,2017-10-02,"12:30:00",10.1
2017-10-02,2017-10-02,"12:30:00",10.1
2016-09-27,2016-09-27,"09:30:00",9
2016-09-27,2016-09-27,"09:30:00",9
2016-09-27,2016-09-27,"09:30:00",9
2016-09-27,2016-09-27,"09:30:00",9
2016-09-27,2016-09-27,"09:30:00",9
2016-09-27,2016-09-27,"09:30:00",9
2016-09-27,2016-09-27,"09:30:00",9
2016-09-27,2016-09-27,"09:30:00",9
2016-09-27,2016-09-27,"09:30:00",9
2016-09-27,2016-09-27,"09:30:00",9
2016-09-27,2016-09-27,"09:30:00",9
2016-09-27,2016-09-27,"09:30:00",9
2016-09-27,2016-09-27,"09:30:00",9
2016-09-27,2016-09-27,"09:30:00",9
2016-09-27,2016-09-27,"09:30:00",9
2016-09-27,2016-09-27,"09:30:00",9
2016-09-27,2016-09-27,"09:30:00",9
2016-09-27,2016-09-27,"09:30:00",9
2016-09-27,2016-09-27,"09:30:00",9
2016-09-27,2016-09-27,"09:30:00",9
2016-09-27,2016-09-27,"09:30:00",9
2016-09-27,2016-09-27,"09:30:00",9
2016-09-27,2016-09-27,"09:30:00",9
2016-09-27,2016-09-27,"09:30:00",9
2016-09-27,2016-09-27,"09:30:00",9
2016-09-27,2016-09-27,"09:30:00",9
2016-09-27,2016-09-27,"09:30:00",9
2016-09-27,2016-09-27,"09:30:00",9
2016-09-27,2016-09-27,"09:30:00",9
2016-09-27,2016-09-27,"09:30:00",9
2016-09-27,2016-09-27,"09:30:00",9
2016-09-27,2016-09-27,"09:30:00",9
2016-09-27,2016-09-27,"09:30:00",9
2016-09-27,2016-09-27,"09:30:00",9
2020-09-24,2020-09-24,"11:00:00",8.5
2020-09-24,2020-09-24,"11:00:00",8.5
2020-09-24,2020-09-24,"11:00:00",8.5
2020-09-24,2020-09-24,"11:00:00",8.5
2020-09-24,2020-09-24,"11:00:00",8.5
2020-09-24,2020-09-24,"11:00:00",8.5
2020-09-24,2020-09-24,"11:00:00",8.5
2020-09-24,2020-09-24,"11:00:00",8.5
2020-09-24,2020-09-24,"11:00:00",8.5
2020-09-24,2020-09-24,"11:00:00",8.5
2020-09-24,2020-09-24,"11:00:00",8.5
2020-09-24,2020-09-24,"11:00:00",8.5
2020-09-24,2020-09-24,"11:00:00",8.5
2020-09-24,2020-09-24,"11:00:00",8.5
2020-09-24,2020-09-24,"11:00:00",8.5
2020-09-24,2020-09-24,"11:00:00",8.5
2020-09-24,2020-09-24,"11:00:00",8.5
2020-09-24,2020-09-24,"11:00:00",8.5
2020-09-24,2020-09-24,"11:00:00",8.5
2020-09-24,2020-09-24,"11:00:00",8.5
2020-09-24,2020-09-24,"11:00:00",8.5
2020-09-24,2020-09-24,"11:00:00",8.5
2020-09-24,2020-09-24,"11:00:00",8.5
2020-09-24,2020-09-24,"11:00:00",8.5
2020-09-24,2020-09-24,"11:00:00",8.5
2019-09-09,2019-09-09,"11:07:00",11
2019-09-09,2019-09-09,"11:07:00",11
2019-09-09,2019-09-09,"11:07:00",11
2019-09-09,2019-09-09,"11:07:00",11
2019-09-09,2019-09-09,"11:07:00",11
2019-09-09,2019-09-09,"11:07:00",11
2019-09-09,2019-09-09,"11:07:00",11
2019-09-09,2019-09-09,"11:07:00",11
2019-09-09,2019-09-09,"11:07:00",11
2019-09-09,2019-09-09,"11:07:00",11
2019-09-09,2019-09-09,"11:07:00",11
2019-09-09,2019-09-09,"11:07:00",11
2019-09-09,2019-09-09,"11:07:00",11
2019-09-09,2019-09-09,"11:07:00",11
2019-09-09,2019-09-09,"11:07:00",11
2019-09-09,2019-09-09,"11:07:00",11
2019-09-09,2019-09-09,"11:07:00",11
2019-09-09,2019-09-09,"11:07:00",11
2019-09-09,2019-09-09,"11:07:00",11
2017-09-21,2017-09-21,"13:30:00",15
2017-09-21,2017-09-21,"13:30:00",15
2017-09-21,2017-09-21,"13:30:00",15
2017-09-21,2017-09-21,"13:30:00",15
2017-09-21,2017-09-21,"13:30:00",15
2017-09-21,2017-09-21,"13:30:00",15
2017-09-21,2017-09-21,"13:30:00",15
2017-09-21,2017-09-21,"13:30:00",15
2017-09-21,2017-09-21,"13:30:00",15
2017-09-21,2017-09-21,"13:30:00",15
2017-09-21,2017-09-21,"13:30:00",15
2017-09-21,2017-09-21,"13:30:00",15
2017-09-21,2017-09-21,"13:30:00",15
2017-09-21,2017-09-21,"13:30:00",15
2017-09-21,2017-09-21,"13:30:00",15
2017-09-21,2017-09-21,"13:30:00",15
2017-09-21,2017-09-21,"13:30:00",15
2017-09-21,2017-09-21,"13:30:00",15
2017-09-21,2017-09-21,"13:30:00",15
2017-09-21,2017-09-21,"13:30:00",15
2017-09-21,2017-09-21,"13:30:00",15
2017-09-21,2017-09-21,"13:30:00",15
2017-09-21,2017-09-21,"13:30:00",15
2017-09-21,2017-09-21,"13:30:00",15
2017-09-21,2017-09-21,"13:30:00",15
2017-09-21,2017-09-21,"13:30:00",15
2017-09-21,2017-09-21,"13:30:00",15
2017-09-21,2017-09-21,"13:30:00",15
2017-09-21,2017-09-21,"13:30:00",15
2017-09-21,2017-09-21,"13:30:00",15
2017-09-21,2017-09-21,"13:30:00",15
2017-09-21,2017-09-21,"13:30:00",15
2017-09-21,2017-09-21,"13:30:00",15
2017-09-22,2017-09-22,"10:00:00",14
2017-09-22,2017-09-22,"10:00:00",14
2017-09-22,2017-09-22,"10:00:00",14
2017-09-22,2017-09-22,"10:00:00",14
2017-09-22,2017-09-22,"10:00:00",14
2017-09-22,2017-09-22,"10:00:00",14
2017-09-22,2017-09-22,"10:00:00",14
2017-09-22,2017-09-22,"10:00:00",14
2017-09-22,2017-09-22,"10:00:00",14
2017-09-22,2017-09-22,"10:00:00",14
2017-09-22,2017-09-22,"10:00:00",14
2017-09-22,2017-09-22,"10:00:00",14
2017-09-22,2017-09-22,"10:00:00",14
2017-09-22,2017-09-22,"10:00:00",14
2017-09-22,2017-09-22,"10:00:00",14
2017-09-22,2017-09-22,"10:00:00",14
2017-09-22,2017-09-22,"10:00:00",14
2017-09-22,2017-09-22,"10:00:00",14
2017-09-22,2017-09-22,"10:00:00",14
2017-09-22,2017-09-22,"10:00:00",14
2017-09-22,2017-09-22,"10:00:00",14
2017-09-22,2017-09-22,"10:00:00",14
2017-09-22,2017-09-22,"10:00:00",14
2017-09-22,2017-09-22,"10:00:00",14
2017-09-22,2017-09-22,"10:00:00",14
2017-09-22,2017-09-22,"10:00:00",14
2017-09-22,2017-09-22,"10:00:00",14
2017-09-22,2017-09-22,"10:00:00",14
2017-09-22,2017-09-22,"10:00:00",14
2017-09-22,2017-09-22,"10:00:00",14
2017-09-22,2017-09-22,"10:00:00",14
2017-09-22,2017-09-22,"10:00:00",14
2017-09-22,2017-09-22,"10:00:00",14
2017-09-22,2017-09-22,"10:00:00",14
2017-09-22,2017-09-22,"10:00:00",14
2017-09-22,2017-09-22,"10:00:00",14
2017-09-22,2017-09-22,"10:00:00",14
2016-09-27,2016-09-27,"16:15:00",11.9
2016-09-27,2016-09-27,"16:15:00",11.9
2016-09-27,2016-09-27,"16:15:00",11.9
2016-09-27,2016-09-27,"16:15:00",11.9
2016-09-27,2016-09-27,"16:15:00",11.9
2016-09-27,2016-09-27,"16:15:00",11.9
2016-09-27,2016-09-27,"16:15:00",11.9
2016-09-27,2016-09-27,"16:15:00",11.9
2016-09-27,2016-09-27,"16:15:00",11.9
2016-09-27,2016-09-27,"16:15:00",11.9
2016-09-27,2016-09-27,"16:15:00",11.9
2016-09-27,2016-09-27,"16:15:00",11.9
2016-09-27,2016-09-27,"16:15:00",11.9
2016-09-27,2016-09-27,"16:15:00",11.9
2016-09-27,2016-09-27,"16:15:00",11.9
2016-09-27,2016-09-27,"16:15:00",11.9
2016-09-27,2016-09-27,"16:15:00",11.9
2016-09-27,2016-09-27,"16:15:00",11.9
2016-09-27,2016-09-27,"16:15:00",11.9
2016-09-27,2016-09-27,"16:15:00",11.9
2016-09-27,2016-09-27,"16:15:00",11.9
2016-09-27,2016-09-27,"16:15:00",11.9
2016-09-27,2016-09-27,"16:15:00",11.9
2016-09-27,2016-09-27,"16:15:00",11.9
2016-09-27,2016-09-27,"16:15:00",11.9
2016-09-27,2016-09-27,"16:15:00",11.9
2016-09-27,2016-09-27,"16:15:00",11.9
2016-09-27,2016-09-27,"16:15:00",11.9
2016-09-27,2016-09-27,"16:15:00",11.9
2016-09-27,2016-09-27,"16:15:00",11.9
2016-09-27,2016-09-27,"16:15:00",11.9
2016-09-27,2016-09-27,"16:15:00",11.9
2017-09-07,2017-09-07,"08:40:00",14.9
2017-09-07,2017-09-07,"08:40:00",14.9
2017-09-07,2017-09-07,"08:40:00",14.9
2017-09-07,2017-09-07,"08:40:00",14.9
2017-09-07,2017-09-07,"08:40:00",14.9
2017-09-07,2017-09-07,"08:40:00",14.9
2017-09-07,2017-09-07,"08:40:00",14.9
2017-09-07,2017-09-07,"08:40:00",14.9
2017-09-07,2017-09-07,"08:40:00",14.9
2017-09-07,2017-09-07,"08:40:00",14.9
2017-09-07,2017-09-07,"08:40:00",14.9
2017-09-07,2017-09-07,"08:40:00",14.9
2017-09-07,2017-09-07,"08:40:00",14.9
2017-09-07,2017-09-07,"08:40:00",14.9
2017-09-07,2017-09-07,"08:40:00",14.9
2017-09-07,2017-09-07,"08:40:00",14.9
2017-09-07,2017-09-07,"08:40:00",14.9
2017-09-07,2017-09-07,"08:40:00",14.9
2017-09-07,2017-09-07,"08:40:00",14.9
2017-09-07,2017-09-07,"08:40:00",14.9
2017-09-07,2017-09-07,"08:40:00",14.9
2017-09-07,2017-09-07,"08:40:00",14.9
2017-09-07,2017-09-07,"08:40:00",14.9
2017-09-07,2017-09-07,"08:40:00",14.9
2017-09-07,2017-09-07,"08:40:00",14.9
2017-09-07,2017-09-07,"08:40:00",14.9
2017-09-07,2017-09-07,"08:40:00",14.9
2017-09-07,2017-09-07,"08:40:00",14.9
2017-09-07,2017-09-07,"08:40:00",14.9
2017-09-07,2017-09-07,"08:40:00",14.9
2017-09-07,2017-09-07,"08:40:00",14.9
2017-09-07,2017-09-07,"08:40:00",14.9
2017-09-07,2017-09-07,"08:40:00",14.9
2017-09-07,2017-09-07,"08:40:00",14.9
2018-09-05,2018-09-05,"11:30:00",19.1
2018-09-05,2018-09-05,"11:30:00",19.1
2018-09-05,2018-09-05,"11:30:00",19.1
2018-09-05,2018-09-05,"11:30:00",19.1
2018-09-05,2018-09-05,"11:30:00",19.1
2018-09-05,2018-09-05,"11:30:00",19.1
2018-09-05,2018-09-05,"11:30:00",19.1
2018-09-05,2018-09-05,"11:30:00",19.1
2018-09-05,2018-09-05,"11:30:00",19.1
2018-09-05,2018-09-05,"11:30:00",19.1
2018-09-05,2018-09-05,"11:30:00",19.1
2018-09-05,2018-09-05,"11:30:00",19.1
2018-09-05,2018-09-05,"11:30:00",19.1
2018-09-05,2018-09-05,"11:30:00",19.1
2018-09-05,2018-09-05,"11:30:00",19.1
2018-09-05,2018-09-05,"11:30:00",19.1
2018-09-05,2018-09-05,"11:30:00",19.1
2018-09-05,2018-09-05,"11:30:00",19.1
2018-09-05,2018-09-05,"11:30:00",19.1
2018-09-05,2018-09-05,"11:30:00",19.1
2018-09-05,2018-09-05,"11:30:00",19.1
2018-09-05,2018-09-05,"11:30:00",19.1
2018-09-05,2018-09-05,"11:30:00",19.1
2018-09-05,2018-09-05,"11:30:00",19.1
2018-09-05,2018-09-05,"11:30:00",19.1
2018-09-05,2018-09-05,"11:30:00",19.1
2018-09-05,2018-09-05,"11:30:00",19.1
2018-09-05,2018-09-05,"11:30:00",19.1
2018-09-05,2018-09-05,"11:30:00",19.1
2018-09-05,2018-09-05,"11:30:00",19.1
2018-09-05,2018-09-05,"11:30:00",19.1
2018-09-05,2018-09-05,"11:30:00",19.1
2018-09-05,2018-09-05,"11:30:00",19.1
2018-09-05,2018-09-05,"11:30:00",19.1
2018-09-05,2018-09-05,"11:30:00",19.1
2018-09-05,2018-09-05,"11:30:00",19.1
2018-09-05,2018-09-05,"11:30:00",19.1
2019-09-23,2019-09-23,"09:30:00",16.5
2019-09-23,2019-09-23,"09:30:00",16.5
2019-09-23,2019-09-23,"09:30:00",16.5
2019-09-23,2019-09-23,"09:30:00",16.5
2019-09-23,2019-09-23,"09:30:00",16.5
2019-09-23,2019-09-23,"09:30:00",16.5
2019-09-23,2019-09-23,"09:30:00",16.5
2019-09-23,2019-09-23,"09:30:00",16.5
2019-09-23,2019-09-23,"09:30:00",16.5
2019-09-23,2019-09-23,"09:30:00",16.5
2019-09-23,2019-09-23,"09:30:00",16.5
2019-09-23,2019-09-23,"09:30:00",16.5
2019-09-23,2019-09-23,"09:30:00",16.5
2019-09-23,2019-09-23,"09:30:00",16.5
2019-09-23,2019-09-23,"09:30:00",16.5
2019-09-23,2019-09-23,"09:30:00",16.5
2019-09-23,2019-09-23,"09:30:00",16.5
2019-09-23,2019-09-23,"09:30:00",16.5
2019-09-23,2019-09-23,"09:30:00",16.5
2019-09-23,2019-09-23,"09:30:00",16.5
2019-09-23,2019-09-23,"09:30:00",16.5
2019-09-23,2019-09-23,"09:30:00",16.5
2019-09-23,2019-09-23,"09:30:00",16.5
2019-09-23,2019-09-23,"09:30:00",16.5
2019-09-23,2019-09-23,"09:30:00",16.5
2019-09-23,2019-09-23,"09:30:00",16.5
2019-09-23,2019-09-23,"09:30:00",16.5
2019-09-23,2019-09-23,"09:30:00",16.5
2019-09-23,2019-09-23,"09:30:00",16.5
2019-09-23,2019-09-23,"09:30:00",16.5
2019-09-23,2019-09-23,"09:30:00",16.5
2019-09-23,2019-09-23,"09:30:00",16.5
2019-09-23,2019-09-23,"09:30:00",16.5
2019-09-23,2019-09-23,"09:30:00",16.5
2019-09-23,2019-09-23,"09:30:00",16.5
2019-09-23,2019-09-23,"09:30:00",16.5
2019-09-23,2019-09-23,"09:30:00",16.5
2020-09-10,2020-09-10,"11:40:00",13.5
2020-09-10,2020-09-10,"11:40:00",13.5
2020-09-10,2020-09-10,"11:40:00",13.5
2020-09-10,2020-09-10,"11:40:00",13.5
2020-09-10,2020-09-10,"11:40:00",13.5
2020-09-10,2020-09-10,"11:40:00",13.5
2020-09-10,2020-09-10,"11:40:00",13.5
2020-09-10,2020-09-10,"11:40:00",13.5
2020-09-10,2020-09-10,"11:40:00",13.5
2020-09-10,2020-09-10,"11:40:00",13.5
2020-09-10,2020-09-10,"11:40:00",13.5
2020-09-10,2020-09-10,"11:40:00",13.5
2020-09-10,2020-09-10,"11:40:00",13.5
2020-09-10,2020-09-10,"11:40:00",13.5
2020-09-10,2020-09-10,"11:40:00",13.5
2020-09-10,2020-09-10,"11:40:00",13.5
2020-09-10,2020-09-10,"11:40:00",13.5
2020-09-10,2020-09-10,"11:40:00",13.5
2020-09-10,2020-09-10,"11:40:00",13.5
2020-09-10,2020-09-10,"11:40:00",13.5
2020-09-10,2020-09-10,"11:40:00",13.5
2020-09-10,2020-09-10,"11:40:00",13.5
2020-09-10,2020-09-10,"11:40:00",13.5
2020-09-10,2020-09-10,"11:40:00",13.5
2020-09-10,2020-09-10,"11:40:00",13.5
2020-09-10,2020-09-10,"11:40:00",13.5
2020-09-10,2020-09-10,"11:40:00",13.5
2020-09-10,2020-09-10,"11:40:00",13.5
2020-09-10,2020-09-10,"11:40:00",13.5
2020-09-10,2020-09-10,"11:40:00",13.5
2020-09-10,2020-09-10,"11:40:00",13.5
2020-09-10,2020-09-10,"11:40:00",13.5
2020-09-10,2020-09-10,"11:40:00",13.5
2020-09-10,2020-09-10,"11:40:00",13.5
2020-09-10,2020-09-10,"11:40:00",13.5
2020-09-10,2020-09-10,"11:40:00",13.5
2020-09-10,2020-09-10,"11:40:00",13.5
2020-09-10,2020-09-10,"11:40:00",13.5
2021-09-13,2021-09-13,"15:30:00",17.7
2021-09-13,2021-09-13,"15:30:00",17.7
2021-09-13,2021-09-13,"15:30:00",17.7
2021-09-13,2021-09-13,"15:30:00",17.7
2021-09-13,2021-09-13,"15:30:00",17.7
2021-09-13,2021-09-13,"15:30:00",17.7
2021-09-13,2021-09-13,"15:30:00",17.7
2021-09-13,2021-09-13,"15:30:00",17.7
2021-09-13,2021-09-13,"15:30:00",17.7
2021-09-13,2021-09-13,"15:30:00",17.7
2021-09-13,2021-09-13,"15:30:00",17.7
2021-09-13,2021-09-13,"15:30:00",17.7
2021-09-13,2021-09-13,"15:30:00",17.7
2021-09-13,2021-09-13,"15:30:00",17.7
2021-09-13,2021-09-13,"15:30:00",17.7
2021-09-13,2021-09-13,"15:30:00",17.7
2021-09-13,2021-09-13,"15:30:00",17.7
2021-09-13,2021-09-13,"15:30:00",17.7
2021-09-13,2021-09-13,"15:30:00",17.7
2021-09-13,2021-09-13,"15:30:00",17.7
2021-09-13,2021-09-13,"15:30:00",17.7
2021-09-13,2021-09-13,"15:30:00",17.7
2021-09-13,2021-09-13,"15:30:00",17.7
2021-09-13,2021-09-13,"15:30:00",17.7
2021-09-13,2021-09-13,"15:30:00",17.7
2021-09-13,2021-09-13,"15:30:00",17.7
2021-09-13,2021-09-13,"15:30:00",17.7
2021-09-13,2021-09-13,"15:30:00",17.7
2021-09-13,2021-09-13,"15:30:00",17.7
2021-09-13,2021-09-13,"15:30:00",17.7
2021-09-13,2021-09-13,"15:30:00",17.7
2021-09-13,2021-09-13,"15:30:00",17.7
2021-09-13,2021-09-13,"15:30:00",17.7
2021-09-13,2021-09-13,"15:30:00",17.7
2021-09-13,2021-09-13,"15:30:00",17.7
2021-09-13,2021-09-13,"15:30:00",17.7
2021-09-13,2021-09-13,"15:30:00",17.7
2021-09-13,2021-09-13,"15:30:00",17.7
2017-09-22,2017-09-22,"10:30:00",10
2017-09-22,2017-09-22,"10:30:00",10
2017-09-22,2017-09-22,"10:30:00",10
2017-09-22,2017-09-22,"10:30:00",10
2017-09-22,2017-09-22,"10:30:00",10
2017-09-22,2017-09-22,"10:30:00",10
2017-09-22,2017-09-22,"10:30:00",10
2017-09-22,2017-09-22,"10:30:00",10
2017-09-22,2017-09-22,"10:30:00",10
2017-09-22,2017-09-22,"10:30:00",10
2017-09-22,2017-09-22,"10:30:00",10
2017-09-22,2017-09-22,"10:30:00",10
2017-09-22,2017-09-22,"10:30:00",10
2017-09-22,2017-09-22,"10:30:00",10
2017-09-22,2017-09-22,"10:30:00",10
2017-09-22,2017-09-22,"10:30:00",10
2017-09-22,2017-09-22,"10:30:00",10
2017-09-22,2017-09-22,"10:30:00",10
2017-09-22,2017-09-22,"10:30:00",10
2017-09-22,2017-09-22,"10:30:00",10
2017-09-22,2017-09-22,"10:30:00",10
2017-09-22,2017-09-22,"10:30:00",10
2017-09-22,2017-09-22,"10:30:00",10
2017-09-22,2017-09-22,"10:30:00",10
2017-09-22,2017-09-22,"10:30:00",10
2017-09-22,2017-09-22,"10:30:00",10
2017-09-22,2017-09-22,"10:30:00",10
2017-09-22,2017-09-22,"10:30:00",10
2017-09-22,2017-09-22,"10:30:00",10
2017-09-22,2017-09-22,"10:30:00",10
2017-09-22,2017-09-22,"10:30:00",10
2017-09-22,2017-09-22,"10:30:00",10
2017-09-22,2017-09-22,"10:30:00",10
2017-09-22,2017-09-22,"10:30:00",10
2017-09-22,2017-09-22,"10:30:00",10
2017-09-22,2017-09-22,"10:30:00",10
2017-09-22,2017-09-22,"10:30:00",10
2016-09-27,2016-09-27,"08:45:00",11.7
2016-09-27,2016-09-27,"08:45:00",11.7
2016-09-27,2016-09-27,"08:45:00",11.7
2016-09-27,2016-09-27,"08:45:00",11.7
2016-09-27,2016-09-27,"08:45:00",11.7
2016-09-27,2016-09-27,"08:45:00",11.7
2016-09-27,2016-09-27,"08:45:00",11.7
2016-09-27,2016-09-27,"08:45:00",11.7
2016-09-27,2016-09-27,"08:45:00",11.7
2016-09-27,2016-09-27,"08:45:00",11.7
2016-09-27,2016-09-27,"08:45:00",11.7
2016-09-27,2016-09-27,"08:45:00",11.7
2016-09-27,2016-09-27,"08:45:00",11.7
2016-09-27,2016-09-27,"08:45:00",11.7
2016-09-27,2016-09-27,"08:45:00",11.7
2016-09-27,2016-09-27,"08:45:00",11.7
2016-09-27,2016-09-27,"08:45:00",11.7
2016-09-27,2016-09-27,"08:45:00",11.7
2016-09-27,2016-09-27,"08:45:00",11.7
2016-09-27,2016-09-27,"08:45:00",11.7
2016-09-27,2016-09-27,"08:45:00",11.7
2016-09-27,2016-09-27,"08:45:00",11.7
2016-09-27,2016-09-27,"08:45:00",11.7
2016-09-27,2016-09-27,"08:45:00",11.7
2016-09-27,2016-09-27,"08:45:00",11.7
2016-09-27,2016-09-27,"08:45:00",11.7
2016-09-27,2016-09-27,"08:45:00",11.7
2017-09-26,2017-09-26,"08:00:00",20.3
2017-09-26,2017-09-26,"08:00:00",20.3
2017-09-26,2017-09-26,"08:00:00",20.3
2017-09-26,2017-09-26,"08:00:00",20.3
2017-09-26,2017-09-26,"08:00:00",20.3
2017-09-26,2017-09-26,"08:00:00",20.3
2017-09-26,2017-09-26,"08:00:00",20.3
2017-09-26,2017-09-26,"08:00:00",20.3
2017-09-26,2017-09-26,"08:00:00",20.3
2017-09-26,2017-09-26,"08:00:00",20.3
2017-09-26,2017-09-26,"08:00:00",20.3
2017-09-26,2017-09-26,"08:00:00",20.3
2017-09-26,2017-09-26,"08:00:00",20.3
2017-09-26,2017-09-26,"08:00:00",20.3
2017-09-26,2017-09-26,"08:00:00",20.3
2017-09-26,2017-09-26,"08:00:00",20.3
2017-09-26,2017-09-26,"08:00:00",20.3
2017-09-26,2017-09-26,"08:00:00",20.3
2017-09-26,2017-09-26,"08:00:00",20.3
2017-09-26,2017-09-26,"08:00:00",20.3
2017-09-26,2017-09-26,"08:00:00",20.3
2017-09-26,2017-09-26,"08:00:00",20.3
2017-09-26,2017-09-26,"08:00:00",20.3
2017-09-26,2017-09-26,"08:00:00",20.3
2017-09-26,2017-09-26,"08:00:00",20.3
2017-09-26,2017-09-26,"08:00:00",20.3
2017-09-26,2017-09-26,"08:00:00",20.3
2017-09-26,2017-09-26,"08:00:00",20.3
2018-09-05,2018-09-05,"07:30:00",20
2018-09-05,2018-09-05,"07:30:00",20
2018-09-05,2018-09-05,"07:30:00",20
2018-09-05,2018-09-05,"07:30:00",20
2018-09-05,2018-09-05,"07:30:00",20
2018-09-05,2018-09-05,"07:30:00",20
2018-09-05,2018-09-05,"07:30:00",20
2018-09-05,2018-09-05,"07:30:00",20
2018-09-05,2018-09-05,"07:30:00",20
2018-09-05,2018-09-05,"07:30:00",20
2018-09-05,2018-09-05,"07:30:00",20
2018-09-05,2018-09-05,"07:30:00",20
2018-09-05,2018-09-05,"07:30:00",20
2018-09-05,2018-09-05,"07:30:00",20
2018-09-05,2018-09-05,"07:30:00",20
2018-09-05,2018-09-05,"07:30:00",20
2018-09-05,2018-09-05,"07:30:00",20
2018-09-05,2018-09-05,"07:30:00",20
2018-09-05,2018-09-05,"07:30:00",20
2018-09-05,2018-09-05,"07:30:00",20
2018-09-05,2018-09-05,"07:30:00",20
2018-09-05,2018-09-05,"07:30:00",20
2018-09-05,2018-09-05,"07:30:00",20
2018-09-05,2018-09-05,"07:30:00",20
2018-09-05,2018-09-05,"07:30:00",20
2018-09-05,2018-09-05,"07:30:00",20
2018-09-05,2018-09-05,"07:30:00",20
2018-09-05,2018-09-05,"07:30:00",20
2018-09-05,2018-09-05,"07:30:00",20
2018-09-05,2018-09-05,"07:30:00",20
2018-09-05,2018-09-05,"07:30:00",20
2019-09-20,2019-09-20,"07:30:00",13.8
2019-09-20,2019-09-20,"07:30:00",13.8
2019-09-20,2019-09-20,"07:30:00",13.8
2019-09-20,2019-09-20,"07:30:00",13.8
2019-09-20,2019-09-20,"07:30:00",13.8
2019-09-20,2019-09-20,"07:30:00",13.8
2019-09-20,2019-09-20,"07:30:00",13.8
2019-09-20,2019-09-20,"07:30:00",13.8
2019-09-20,2019-09-20,"07:30:00",13.8
2019-09-20,2019-09-20,"07:30:00",13.8
2019-09-20,2019-09-20,"07:30:00",13.8
2019-09-20,2019-09-20,"07:30:00",13.8
2019-09-20,2019-09-20,"07:30:00",13.8
2019-09-20,2019-09-20,"07:30:00",13.8
2019-09-20,2019-09-20,"07:30:00",13.8
2019-09-20,2019-09-20,"07:30:00",13.8
2019-09-20,2019-09-20,"07:30:00",13.8
2019-09-20,2019-09-20,"07:30:00",13.8
2019-09-20,2019-09-20,"07:30:00",13.8
2019-09-20,2019-09-20,"07:30:00",13.8
2019-09-20,2019-09-20,"07:30:00",13.8
2019-09-20,2019-09-20,"07:30:00",13.8
2019-09-20,2019-09-20,"07:30:00",13.8
2019-09-20,2019-09-20,"07:30:00",13.8
2019-09-20,2019-09-20,"07:30:00",13.8
2019-09-20,2019-09-20,"07:30:00",13.8
2019-09-20,2019-09-20,"07:30:00",13.8
2019-09-20,2019-09-20,"07:30:00",13.8
2019-09-20,2019-09-20,"07:30:00",13.8
2019-09-20,2019-09-20,"07:30:00",13.8
2019-09-20,2019-09-20,"07:30:00",13.8
2020-09-25,2020-09-25,"07:45:00",10.6
2020-09-25,2020-09-25,"07:45:00",10.6
2020-09-25,2020-09-25,"07:45:00",10.6
2020-09-25,2020-09-25,"07:45:00",10.6
2020-09-25,2020-09-25,"07:45:00",10.6
2020-09-25,2020-09-25,"07:45:00",10.6
2020-09-25,2020-09-25,"07:45:00",10.6
2020-09-25,2020-09-25,"07:45:00",10.6
2020-09-25,2020-09-25,"07:45:00",10.6
2020-09-25,2020-09-25,"07:45:00",10.6
2020-09-25,2020-09-25,"07:45:00",10.6
2020-09-25,2020-09-25,"07:45:00",10.6
2020-09-25,2020-09-25,"07:45:00",10.6
2020-09-25,2020-09-25,"07:45:00",10.6
2020-09-25,2020-09-25,"07:45:00",10.6
2020-09-25,2020-09-25,"07:45:00",10.6
2020-09-25,2020-09-25,"07:45:00",10.6
2020-09-25,2020-09-25,"07:45:00",10.6
2020-09-25,2020-09-25,"07:45:00",10.6
2020-09-25,2020-09-25,"07:45:00",10.6
2020-09-25,2020-09-25,"07:45:00",10.6
2020-09-25,2020-09-25,"07:45:00",10.6
2020-09-25,2020-09-25,"07:45:00",10.6
2020-09-25,2020-09-25,"07:45:00",10.6
2020-09-25,2020-09-25,"07:45:00",10.6
2020-09-25,2020-09-25,"07:45:00",10.6
2020-09-25,2020-09-25,"07:45:00",10.6
2020-09-25,2020-09-25,"07:45:00",10.6
2020-09-25,2020-09-25,"07:45:00",10.6
2020-09-25,2020-09-25,"07:45:00",10.6
2020-09-25,2020-09-25,"07:45:00",10.6
2021-10-06,2021-10-06,"08:30:00",10.1
2021-10-06,2021-10-06,"08:30:00",10.1
2021-10-06,2021-10-06,"08:30:00",10.1
2021-10-06,2021-10-06,"08:30:00",10.1
2021-10-06,2021-10-06,"08:30:00",10.1
2021-10-06,2021-10-06,"08:30:00",10.1
2021-10-06,2021-10-06,"08:30:00",10.1
2021-10-06,2021-10-06,"08:30:00",10.1
2021-10-06,2021-10-06,"08:30:00",10.1
2021-10-06,2021-10-06,"08:30:00",10.1
2021-10-06,2021-10-06,"08:30:00",10.1
2021-10-06,2021-10-06,"08:30:00",10.1
2021-10-06,2021-10-06,"08:30:00",10.1
2021-10-06,2021-10-06,"08:30:00",10.1
2021-10-06,2021-10-06,"08:30:00",10.1
2021-10-06,2021-10-06,"08:30:00",10.1
2021-10-06,2021-10-06,"08:30:00",10.1
2021-10-06,2021-10-06,"08:30:00",10.1
2021-10-06,2021-10-06,"08:30:00",10.1
2021-10-06,2021-10-06,"08:30:00",10.1
2021-10-06,2021-10-06,"08:30:00",10.1
2021-10-06,2021-10-06,"08:30:00",10.1
2021-10-06,2021-10-06,"08:30:00",10.1
2021-10-06,2021-10-06,"08:30:00",10.1
2021-10-06,2021-10-06,"08:30:00",10.1
2021-10-06,2021-10-06,"08:30:00",10.1
2021-10-06,2021-10-06,"08:30:00",10.1
2021-10-06,2021-10-06,"08:30:00",10.1
2021-10-06,2021-10-06,"08:30:00",10.1
2021-10-06,2021-10-06,"08:30:00",10.1
2020-09-15,2020-09-15,"10:30:00",7.7
2020-09-15,2020-09-15,"10:30:00",7.7
2020-09-15,2020-09-15,"10:30:00",7.7
2020-09-15,2020-09-15,"10:30:00",7.7
2020-09-15,2020-09-15,"10:30:00",7.7
2020-09-15,2020-09-15,"10:30:00",7.7
2020-09-15,2020-09-15,"10:30:00",7.7
2020-09-15,2020-09-15,"10:30:00",7.7
2020-09-15,2020-09-15,"10:30:00",7.7
2020-09-15,2020-09-15,"10:30:00",7.7
2020-09-15,2020-09-15,"10:30:00",7.7
2020-09-15,2020-09-15,"10:30:00",7.7
2020-09-15,2020-09-15,"10:30:00",7.7
2020-09-15,2020-09-15,"10:30:00",7.7
2020-09-15,2020-09-15,"10:30:00",7.7
2020-09-15,2020-09-15,"10:30:00",7.7
2020-09-15,2020-09-15,"10:30:00",7.7
2020-09-15,2020-09-15,"10:30:00",7.7
2020-09-15,2020-09-15,"10:30:00",7.7
2020-09-15,2020-09-15,"10:30:00",7.7
2020-09-15,2020-09-15,"10:30:00",7.7
2020-09-15,2020-09-15,"10:30:00",7.7
2020-09-15,2020-09-15,"10:30:00",7.7
2020-09-15,2020-09-15,"10:30:00",7.7
2020-09-15,2020-09-15,"10:30:00",7.7
2020-09-15,2020-09-15,"10:30:00",7.7
2020-09-15,2020-09-15,"10:30:00",7.7
2020-09-15,2020-09-15,"10:30:00",7.7
2020-09-15,2020-09-15,"10:30:00",7.7
2020-09-15,2020-09-15,"10:30:00",7.7
2020-09-15,2020-09-15,"10:30:00",7.7
2017-10-02,2017-10-02,"10:00:00",10.6
2017-10-02,2017-10-02,"10:00:00",10.6
2017-10-02,2017-10-02,"10:00:00",10.6
2017-10-02,2017-10-02,"10:00:00",10.6
2017-10-02,2017-10-02,"10:00:00",10.6
2017-10-02,2017-10-02,"10:00:00",10.6
2017-10-02,2017-10-02,"10:00:00",10.6
2017-10-02,2017-10-02,"10:00:00",10.6
2017-10-02,2017-10-02,"10:00:00",10.6
2017-10-02,2017-10-02,"10:00:00",10.6
2017-10-02,2017-10-02,"10:00:00",10.6
2017-10-02,2017-10-02,"10:00:00",10.6
2017-10-02,2017-10-02,"10:00:00",10.6
2017-10-02,2017-10-02,"10:00:00",10.6
2017-10-02,2017-10-02,"10:00:00",10.6
2017-10-02,2017-10-02,"10:00:00",10.6
2017-10-02,2017-10-02,"10:00:00",10.6
2017-10-02,2017-10-02,"10:00:00",10.6
2017-10-02,2017-10-02,"10:00:00",10.6
2017-10-02,2017-10-02,"10:00:00",10.6
2017-10-02,2017-10-02,"10:00:00",10.6
2017-10-02,2017-10-02,"10:00:00",10.6
2017-10-02,2017-10-02,"10:00:00",10.6
2017-10-02,2017-10-02,"10:00:00",10.6
2017-10-02,2017-10-02,"10:00:00",10.6
2017-10-02,2017-10-02,"10:00:00",10.6
2017-10-02,2017-10-02,"10:00:00",10.6
2017-10-02,2017-10-02,"10:00:00",10.6
2017-10-02,2017-10-02,"10:00:00",10.6
2017-10-02,2017-10-02,"10:00:00",10.6
2017-10-02,2017-10-02,"10:00:00",10.6
2017-10-02,2017-10-02,"10:00:00",10.6
2017-10-02,2017-10-02,"10:00:00",10.6
2017-10-02,2017-10-02,"10:00:00",10.6
2017-10-02,2017-10-02,"10:00:00",10.6
2021-09-03,2021-09-03,"13:00:00",12.2
2021-09-03,2021-09-03,"13:00:00",12.2
2021-09-03,2021-09-03,"13:00:00",12.2
2021-09-03,2021-09-03,"13:00:00",12.2
2021-09-03,2021-09-03,"13:00:00",12.2
2021-09-03,2021-09-03,"13:00:00",12.2
2021-09-03,2021-09-03,"13:00:00",12.2
2021-09-03,2021-09-03,"13:00:00",12.2
2021-09-03,2021-09-03,"13:00:00",12.2
2021-09-03,2021-09-03,"13:00:00",12.2
2021-09-03,2021-09-03,"13:00:00",12.2
2021-09-03,2021-09-03,"13:00:00",12.2
2021-09-03,2021-09-03,"13:00:00",12.2
2021-09-03,2021-09-03,"13:00:00",12.2
2021-09-03,2021-09-03,"13:00:00",12.2
2021-09-03,2021-09-03,"13:00:00",12.2
2021-09-03,2021-09-03,"13:00:00",12.2
2021-09-03,2021-09-03,"13:00:00",12.2
2021-09-03,2021-09-03,"13:00:00",12.2
2021-09-03,2021-09-03,"13:00:00",12.2
2021-09-03,2021-09-03,"13:00:00",12.2
2021-09-03,2021-09-03,"13:00:00",12.2
2021-09-03,2021-09-03,"13:00:00",12.2
2021-09-03,2021-09-03,"13:00:00",12.2
2021-09-03,2021-09-03,"13:00:00",12.2
2021-09-03,2021-09-03,"13:00:00",12.2
2021-09-03,2021-09-03,"13:00:00",12.2
2021-09-03,2021-09-03,"13:00:00",12.2
2021-09-03,2021-09-03,"13:00:00",12.2
2021-09-03,2021-09-03,"13:00:00",12.2
2021-09-03,2021-09-03,"13:00:00",12.2
2021-09-03,2021-09-03,"13:00:00",12.2
2021-09-03,2021-09-03,"13:00:00",12.2
2021-09-03,2021-09-03,"13:00:00",12.2
2021-09-03,2021-09-03,"13:00:00",12.2
2021-09-03,2021-09-03,"13:00:00",12.2
2021-09-03,2021-09-03,"13:00:00",12.2
2021-09-03,2021-09-03,"13:00:00",12.2
2021-09-03,2021-09-03,"13:00:00",12.2
2016-09-12,2016-09-12,"12:00:00",NA
2016-09-12,2016-09-12,"12:00:00",NA
2016-09-12,2016-09-12,"12:00:00",NA
2016-09-12,2016-09-12,"12:00:00",NA
2016-09-12,2016-09-12,"12:00:00",NA
2016-09-12,2016-09-12,"12:00:00",NA
2016-09-12,2016-09-12,"12:00:00",NA
2016-09-12,2016-09-12,"12:00:00",NA
2016-09-12,2016-09-12,"12:00:00",NA
2016-09-12,2016-09-12,"12:00:00",NA
2016-09-12,2016-09-12,"12:00:00",NA
2016-09-12,2016-09-12,"12:00:00",NA
2016-09-12,2016-09-12,"12:00:00",NA
2016-09-12,2016-09-12,"12:00:00",NA
2016-09-12,2016-09-12,"12:00:00",NA
2016-09-12,2016-09-12,"12:00:00",NA
2016-09-12,2016-09-12,"12:00:00",NA
2016-09-12,2016-09-12,"12:00:00",NA
2016-09-12,2016-09-12,"12:00:00",NA
2016-09-12,2016-09-12,"12:00:00",NA
2016-09-12,2016-09-12,"12:00:00",NA
2016-09-12,2016-09-12,"12:00:00",NA
2016-09-12,2016-09-12,"12:00:00",NA
2016-09-12,2016-09-12,"12:00:00",NA
2016-09-12,2016-09-12,"12:00:00",NA
2016-09-12,2016-09-12,"12:00:00",NA
2016-09-12,2016-09-12,"12:00:00",NA
2016-09-12,2016-09-12,"12:00:00",NA
2016-09-12,2016-09-12,"12:00:00",NA
2016-09-12,2016-09-12,"12:00:00",NA
2016-09-12,2016-09-12,"12:00:00",NA
2016-09-12,2016-09-12,"12:00:00",NA
2016-09-12,2016-09-12,"12:00:00",NA
2016-09-12,2016-09-12,"12:00:00",NA
2016-09-12,2016-09-12,"12:00:00",NA
2016-09-12,2016-09-12,"12:00:00",NA
2016-09-12,2016-09-12,"12:00:00",NA
2016-09-12,2016-09-12,"12:00:00",NA
2016-09-12,2016-09-12,"12:00:00",NA
2016-09-12,2016-09-12,"12:00:00",NA
2016-09-12,2016-09-12,"12:00:00",NA
2016-09-12,2016-09-12,"12:00:00",NA
2016-09-12,2016-09-12,"12:00:00",NA
2016-09-12,2016-09-12,"12:00:00",NA
2016-09-12,2016-09-12,"12:00:00",NA
2016-09-12,2016-09-12,"12:00:00",NA
2016-09-12,2016-09-12,"12:00:00",NA
2016-09-12,2016-09-12,"12:00:00",NA
2016-09-12,2016-09-12,"12:00:00",NA
2016-09-12,2016-09-12,"12:00:00",NA
2016-09-12,2016-09-12,"12:00:00",NA
2019-10-09,2019-10-09,"12:55:00",11.5
2019-10-09,2019-10-09,"12:55:00",11.5
2019-10-09,2019-10-09,"12:55:00",11.5
2019-10-09,2019-10-09,"12:55:00",11.5
2019-10-09,2019-10-09,"12:55:00",11.5
2019-10-09,2019-10-09,"12:55:00",11.5
2019-10-09,2019-10-09,"12:55:00",11.5
2019-10-09,2019-10-09,"12:55:00",11.5
2019-10-09,2019-10-09,"12:55:00",11.5
2019-10-09,2019-10-09,"12:55:00",11.5
2019-10-09,2019-10-09,"12:55:00",11.5
2019-10-09,2019-10-09,"12:55:00",11.5
2019-10-09,2019-10-09,"12:55:00",11.5
2019-10-09,2019-10-09,"12:55:00",11.5
2019-10-09,2019-10-09,"12:55:00",11.5
2019-10-09,2019-10-09,"12:55:00",11.5
2019-10-09,2019-10-09,"12:55:00",11.5
2019-10-09,2019-10-09,"12:55:00",11.5
2019-10-09,2019-10-09,"12:55:00",11.5
2019-10-09,2019-10-09,"12:55:00",11.5
2019-10-09,2019-10-09,"12:55:00",11.5
2019-10-09,2019-10-09,"12:55:00",11.5
2019-10-09,2019-10-09,"12:55:00",11.5
2019-10-09,2019-10-09,"12:55:00",11.5
2019-10-09,2019-10-09,"12:55:00",11.5
2019-10-09,2019-10-09,"12:55:00",11.5
2019-10-09,2019-10-09,"12:55:00",11.5
2019-10-09,2019-10-09,"12:55:00",11.5
2019-10-09,2019-10-09,"12:55:00",11.5
2019-10-09,2019-10-09,"12:55:00",11.5
2019-10-09,2019-10-09,"12:55:00",11.5
2019-10-09,2019-10-09,"12:55:00",11.5
2019-10-09,2019-10-09,"12:55:00",11.5
2019-10-09,2019-10-09,"12:55:00",11.5
2019-10-09,2019-10-09,"12:55:00",11.5
2019-10-09,2019-10-09,"12:55:00",11.5
2019-10-09,2019-10-09,"12:55:00",11.5
2019-10-09,2019-10-09,"12:55:00",11.5
2019-10-09,2019-10-09,"12:55:00",11.5
2019-10-09,2019-10-09,"12:55:00",11.5
2019-10-09,2019-10-09,"12:55:00",11.5
2019-10-09,2019-10-09,"12:55:00",11.5
2019-10-09,2019-10-09,"12:55:00",11.5
2021-09-13,2021-09-13,"12:30:00",19.9
2021-09-13,2021-09-13,"12:30:00",19.9
2021-09-13,2021-09-13,"12:30:00",19.9
2021-09-13,2021-09-13,"12:30:00",19.9
2021-09-13,2021-09-13,"12:30:00",19.9
2021-09-13,2021-09-13,"12:30:00",19.9
2021-09-13,2021-09-13,"12:30:00",19.9
2021-09-13,2021-09-13,"12:30:00",19.9
2021-09-13,2021-09-13,"12:30:00",19.9
2021-09-13,2021-09-13,"12:30:00",19.9
2021-09-13,2021-09-13,"12:30:00",19.9
2021-09-13,2021-09-13,"12:30:00",19.9
2021-09-13,2021-09-13,"12:30:00",19.9
2021-09-13,2021-09-13,"12:30:00",19.9
2021-09-13,2021-09-13,"12:30:00",19.9
2021-09-13,2021-09-13,"12:30:00",19.9
2021-09-13,2021-09-13,"12:30:00",19.9
2021-09-13,2021-09-13,"12:30:00",19.9
2021-09-13,2021-09-13,"12:30:00",19.9
2021-09-13,2021-09-13,"12:30:00",19.9
2021-09-13,2021-09-13,"12:30:00",19.9
2021-09-13,2021-09-13,"12:30:00",19.9
2021-09-13,2021-09-13,"12:30:00",19.9
2021-09-13,2021-09-13,"12:30:00",19.9
2021-09-13,2021-09-13,"12:30:00",19.9
2021-09-13,2021-09-13,"12:30:00",19.9
2021-09-13,2021-09-13,"12:30:00",19.9
2021-09-13,2021-09-13,"12:30:00",19.9
2021-09-13,2021-09-13,"12:30:00",19.9
2021-09-13,2021-09-13,"12:30:00",19.9
2021-09-13,2021-09-13,"12:30:00",19.9
2021-09-13,2021-09-13,"12:30:00",19.9
2021-09-13,2021-09-13,"12:30:00",19.9
2021-09-13,2021-09-13,"12:30:00",19.9
2021-09-13,2021-09-13,"12:30:00",19.9
2021-09-13,2021-09-13,"12:30:00",19.9
2021-09-13,2021-09-13,"12:30:00",19.9
2021-09-13,2021-09-13,"12:30:00",19.9
2017-09-21,2017-09-21,"11:33:00",17
2017-09-21,2017-09-21,"11:33:00",17
2017-09-21,2017-09-21,"11:33:00",17
2017-09-21,2017-09-21,"11:33:00",17
2017-09-21,2017-09-21,"11:33:00",17
2017-09-21,2017-09-21,"11:33:00",17
2017-09-21,2017-09-21,"11:33:00",17
2017-09-21,2017-09-21,"11:33:00",17
2017-09-21,2017-09-21,"11:33:00",17
2017-09-21,2017-09-21,"11:33:00",17
2017-09-21,2017-09-21,"11:33:00",17
2017-09-21,2017-09-21,"11:33:00",17
2017-09-21,2017-09-21,"11:33:00",17
2017-09-21,2017-09-21,"11:33:00",17
2017-09-21,2017-09-21,"11:33:00",17
2017-09-21,2017-09-21,"11:33:00",17
2017-09-21,2017-09-21,"11:33:00",17
2017-09-21,2017-09-21,"11:33:00",17
2017-09-21,2017-09-21,"11:33:00",17
2017-09-21,2017-09-21,"11:33:00",17
2017-09-21,2017-09-21,"11:33:00",17
2017-09-21,2017-09-21,"11:33:00",17
2017-09-21,2017-09-21,"11:33:00",17
2017-09-21,2017-09-21,"11:33:00",17
2017-09-21,2017-09-21,"11:33:00",17
2017-09-21,2017-09-21,"11:33:00",17
2017-09-21,2017-09-21,"11:33:00",17
2017-09-21,2017-09-21,"11:33:00",17
2017-09-21,2017-09-21,"11:33:00",17
2017-09-21,2017-09-21,"11:33:00",17
2017-09-21,2017-09-21,"11:33:00",17
2017-09-21,2017-09-21,"11:33:00",17
2017-09-21,2017-09-21,"11:33:00",17
2017-09-21,2017-09-21,"11:33:00",17
2017-09-21,2017-09-21,"11:33:00",17
2017-09-21,2017-09-21,"11:33:00",17
2017-09-21,2017-09-21,"11:33:00",17
2017-09-21,2017-09-21,"11:33:00",17
2017-09-21,2017-09-21,"11:33:00",17
2017-09-21,2017-09-21,"11:33:00",17
2017-09-21,2017-09-21,"11:33:00",17
2017-09-21,2017-09-21,"11:33:00",17
2017-09-21,2017-09-21,"11:33:00",17
2017-09-21,2017-09-21,"11:33:00",17
2017-09-21,2017-09-21,"11:33:00",17
2020-09-25,2020-09-25,"10:38:00",7.9
2020-09-25,2020-09-25,"10:38:00",7.9
2020-09-25,2020-09-25,"10:38:00",7.9
2020-09-25,2020-09-25,"10:38:00",7.9
2020-09-25,2020-09-25,"10:38:00",7.9
2020-09-25,2020-09-25,"10:38:00",7.9
2020-09-25,2020-09-25,"10:38:00",7.9
2020-09-25,2020-09-25,"10:38:00",7.9
2020-09-25,2020-09-25,"10:38:00",7.9
2020-09-25,2020-09-25,"10:38:00",7.9
2020-09-25,2020-09-25,"10:38:00",7.9
2020-09-25,2020-09-25,"10:38:00",7.9
2020-09-25,2020-09-25,"10:38:00",7.9
2020-09-25,2020-09-25,"10:38:00",7.9
2020-09-25,2020-09-25,"10:38:00",7.9
2020-09-25,2020-09-25,"10:38:00",7.9
2020-09-25,2020-09-25,"10:38:00",7.9
2020-09-25,2020-09-25,"10:38:00",7.9
2020-09-25,2020-09-25,"10:38:00",7.9
2020-09-25,2020-09-25,"10:38:00",7.9
2020-09-25,2020-09-25,"10:38:00",7.9
2020-09-25,2020-09-25,"10:38:00",7.9
2020-09-25,2020-09-25,"10:38:00",7.9
2020-09-25,2020-09-25,"10:38:00",7.9
2020-09-25,2020-09-25,"10:38:00",7.9
2020-09-25,2020-09-25,"10:38:00",7.9
2020-09-25,2020-09-25,"10:38:00",7.9
2020-09-25,2020-09-25,"10:38:00",7.9
2018-09-18,2018-09-18,"14:15:00",10.9
2018-09-18,2018-09-18,"14:15:00",10.9
2018-09-18,2018-09-18,"14:15:00",10.9
2018-09-18,2018-09-18,"14:15:00",10.9
2018-09-18,2018-09-18,"14:15:00",10.9
2018-09-18,2018-09-18,"14:15:00",10.9
2018-09-18,2018-09-18,"14:15:00",10.9
2018-09-18,2018-09-18,"14:15:00",10.9
2018-09-18,2018-09-18,"14:15:00",10.9
2018-09-18,2018-09-18,"14:15:00",10.9
2018-09-18,2018-09-18,"14:15:00",10.9
2018-09-18,2018-09-18,"14:15:00",10.9
2018-09-18,2018-09-18,"14:15:00",10.9
2018-09-18,2018-09-18,"14:15:00",10.9
2018-09-18,2018-09-18,"14:15:00",10.9
2018-09-18,2018-09-18,"14:15:00",10.9
2018-09-18,2018-09-18,"14:15:00",10.9
2018-09-18,2018-09-18,"14:15:00",10.9
2018-09-18,2018-09-18,"14:15:00",10.9
2018-09-18,2018-09-18,"14:15:00",10.9
2018-09-18,2018-09-18,"14:15:00",10.9
2019-09-13,2019-09-13,"09:30:00",9
2019-09-13,2019-09-13,"09:30:00",9
2019-09-13,2019-09-13,"09:30:00",9
2019-09-13,2019-09-13,"09:30:00",9
2019-09-13,2019-09-13,"09:30:00",9
2019-09-13,2019-09-13,"09:30:00",9
2019-09-13,2019-09-13,"09:30:00",9
2019-09-13,2019-09-13,"09:30:00",9
2019-09-13,2019-09-13,"09:30:00",9
2019-09-13,2019-09-13,"09:30:00",9
2019-09-13,2019-09-13,"09:30:00",9
2019-09-13,2019-09-13,"09:30:00",9
2019-09-13,2019-09-13,"09:30:00",9
2019-09-13,2019-09-13,"09:30:00",9
2019-09-13,2019-09-13,"09:30:00",9
2019-09-13,2019-09-13,"09:30:00",9
2019-09-13,2019-09-13,"09:30:00",9
2019-09-13,2019-09-13,"09:30:00",9
2019-09-13,2019-09-13,"09:30:00",9
2019-09-13,2019-09-13,"09:30:00",9
2019-09-13,2019-09-13,"09:30:00",9
2019-09-13,2019-09-13,"09:30:00",9
2019-09-13,2019-09-13,"09:30:00",9
2019-09-13,2019-09-13,"09:30:00",9
2019-09-13,2019-09-13,"09:30:00",9
2019-09-13,2019-09-13,"09:30:00",9
2019-09-13,2019-09-13,"09:30:00",9
2019-09-13,2019-09-13,"09:30:00",9
2019-09-13,2019-09-13,"09:30:00",9
2019-09-13,2019-09-13,"09:30:00",9
2019-09-13,2019-09-13,"09:30:00",9
2019-09-13,2019-09-13,"09:30:00",9
2019-09-13,2019-09-13,"09:30:00",9
2019-09-13,2019-09-13,"09:30:00",9
2021-09-08,2021-09-08,"13:23:00",21.2
2021-09-08,2021-09-08,"13:23:00",21.2
2021-09-08,2021-09-08,"13:23:00",21.2
2021-09-08,2021-09-08,"13:23:00",21.2
2021-09-08,2021-09-08,"13:23:00",21.2
2021-09-08,2021-09-08,"13:23:00",21.2
2021-09-08,2021-09-08,"13:23:00",21.2
2021-09-08,2021-09-08,"13:23:00",21.2
2021-09-08,2021-09-08,"13:23:00",21.2
2021-09-08,2021-09-08,"13:23:00",21.2
2021-09-08,2021-09-08,"13:23:00",21.2
2021-09-08,2021-09-08,"13:23:00",21.2
2021-09-08,2021-09-08,"13:23:00",21.2
2021-09-08,2021-09-08,"13:23:00",21.2
2021-09-08,2021-09-08,"13:23:00",21.2
2021-09-08,2021-09-08,"13:23:00",21.2
2021-09-08,2021-09-08,"13:23:00",21.2
2021-09-08,2021-09-08,"13:23:00",21.2
2021-09-08,2021-09-08,"13:23:00",21.2
2021-09-08,2021-09-08,"13:23:00",21.2
2021-09-08,2021-09-08,"13:23:00",21.2
2021-09-08,2021-09-08,"13:23:00",21.2
2021-09-08,2021-09-08,"13:23:00",21.2
2021-09-08,2021-09-08,"13:23:00",21.2
2021-09-08,2021-09-08,"13:23:00",21.2
2021-09-08,2021-09-08,"13:23:00",21.2
2021-09-08,2021-09-08,"13:23:00",21.2
2021-09-08,2021-09-08,"13:23:00",21.2
2021-09-08,2021-09-08,"13:23:00",21.2
2021-09-08,2021-09-08,"13:23:00",21.2
2021-09-08,2021-09-08,"13:23:00",21.2
2021-09-08,2021-09-08,"13:23:00",21.2
2021-09-08,2021-09-08,"13:23:00",21.2
2021-09-08,2021-09-08,"13:23:00",21.2
2021-09-08,2021-09-08,"13:23:00",21.2
2021-09-08,2021-09-08,"13:23:00",21.2
2021-09-08,2021-09-08,"13:23:00",21.2
2021-09-08,2021-09-08,"13:23:00",21.2
2021-09-08,2021-09-08,"13:23:00",21.2
2021-09-08,2021-09-08,"13:23:00",21.2
2021-09-08,2021-09-08,"13:23:00",21.2
2021-09-08,2021-09-08,"13:23:00",21.2
2021-09-29,2021-09-29,"09:45:00",10
2021-09-29,2021-09-29,"09:45:00",10
2021-09-29,2021-09-29,"09:45:00",10
2021-09-29,2021-09-29,"09:45:00",10
2021-09-29,2021-09-29,"09:45:00",10
2021-09-29,2021-09-29,"09:45:00",10
2021-09-29,2021-09-29,"09:45:00",10
2021-09-29,2021-09-29,"09:45:00",10
2021-09-29,2021-09-29,"09:45:00",10
2021-09-29,2021-09-29,"09:45:00",10
2021-09-29,2021-09-29,"09:45:00",10
2021-09-29,2021-09-29,"09:45:00",10
2021-09-29,2021-09-29,"09:45:00",10
2021-09-29,2021-09-29,"09:45:00",10
2021-09-29,2021-09-29,"09:45:00",10
2021-09-29,2021-09-29,"09:45:00",10
2021-09-29,2021-09-29,"09:45:00",10
2021-09-29,2021-09-29,"09:45:00",10
2021-09-29,2021-09-29,"09:45:00",10
2021-09-29,2021-09-29,"09:45:00",10
2021-09-29,2021-09-29,"09:45:00",10
2021-09-29,2021-09-29,"09:45:00",10
2019-09-18,2019-09-18,"12:30:00",5.6
2019-09-18,2019-09-18,"12:30:00",5.6
2019-09-18,2019-09-18,"12:30:00",5.6
2019-09-18,2019-09-18,"12:30:00",5.6
2019-09-18,2019-09-18,"12:30:00",5.6
2019-09-18,2019-09-18,"12:30:00",5.6
2019-09-18,2019-09-18,"12:30:00",5.6
2019-09-18,2019-09-18,"12:30:00",5.6
2019-09-18,2019-09-18,"12:30:00",5.6
2019-09-18,2019-09-18,"12:30:00",5.6
2019-09-18,2019-09-18,"12:30:00",5.6
2019-09-18,2019-09-18,"12:30:00",5.6
2019-09-18,2019-09-18,"12:30:00",5.6
2019-09-18,2019-09-18,"12:30:00",5.6
2019-09-18,2019-09-18,"12:30:00",5.6
2019-09-18,2019-09-18,"12:30:00",5.6
2019-09-18,2019-09-18,"12:30:00",5.6
2019-09-18,2019-09-18,"12:30:00",5.6
2019-09-18,2019-09-18,"12:30:00",5.6
2019-09-18,2019-09-18,"12:30:00",5.6
2019-09-18,2019-09-18,"12:30:00",5.6
2019-09-18,2019-09-18,"12:30:00",5.6
2019-09-18,2019-09-18,"12:30:00",5.6
2020-09-30,2020-09-30,"10:45:00",16.8
2020-09-30,2020-09-30,"10:45:00",16.8
2020-09-30,2020-09-30,"10:45:00",16.8
2020-09-30,2020-09-30,"10:45:00",16.8
2020-09-30,2020-09-30,"10:45:00",16.8
2020-09-30,2020-09-30,"10:45:00",16.8
2020-09-30,2020-09-30,"10:45:00",16.8
2020-09-30,2020-09-30,"10:45:00",16.8
2020-09-30,2020-09-30,"10:45:00",16.8
2020-09-30,2020-09-30,"10:45:00",16.8
2020-09-30,2020-09-30,"10:45:00",16.8
2020-09-30,2020-09-30,"10:45:00",16.8
2020-09-30,2020-09-30,"10:45:00",16.8
2020-09-30,2020-09-30,"10:45:00",16.8
2020-09-30,2020-09-30,"10:45:00",16.8
2020-09-30,2020-09-30,"10:45:00",16.8
2020-09-30,2020-09-30,"10:45:00",16.8
2020-09-30,2020-09-30,"10:45:00",16.8
2020-09-30,2020-09-30,"10:45:00",16.8
2020-09-30,2020-09-30,"10:45:00",16.8
2020-09-30,2020-09-30,"10:45:00",16.8
2020-09-30,2020-09-30,"10:45:00",16.8
2020-09-30,2020-09-30,"10:45:00",16.8
2020-09-30,2020-09-30,"10:45:00",16.8
2020-09-30,2020-09-30,"10:45:00",16.8
2020-09-30,2020-09-30,"10:45:00",16.8
2020-09-30,2020-09-30,"10:45:00",16.8
2020-09-30,2020-09-30,"10:45:00",16.8
2018-08-09,2018-08-09,"09:30:00",NA
2018-08-09,2018-08-09,"09:30:00",NA
2018-08-09,2018-08-09,"09:30:00",NA
2018-08-09,2018-08-09,"09:30:00",NA
2018-08-09,2018-08-09,"09:30:00",NA
2018-08-09,2018-08-09,"09:30:00",NA
2018-08-09,2018-08-09,"09:30:00",NA
2018-08-09,2018-08-09,"09:30:00",NA
2018-08-09,2018-08-09,"09:30:00",NA
2018-08-09,2018-08-09,"09:30:00",NA
2018-08-09,2018-08-09,"09:30:00",NA
2018-08-09,2018-08-09,"09:30:00",NA
2018-08-09,2018-08-09,"09:30:00",NA
2018-08-09,2018-08-09,"09:30:00",NA
2018-08-09,2018-08-09,"09:30:00",NA
2018-08-09,2018-08-09,"09:30:00",NA
2018-08-09,2018-08-09,"09:30:00",NA
2018-08-09,2018-08-09,"09:30:00",NA
2018-08-09,2018-08-09,"09:30:00",NA
2018-08-09,2018-08-09,"09:30:00",NA
2018-08-09,2018-08-09,"09:30:00",NA
2019-09-12,2019-09-12,"12:30:00",11.8
2019-09-12,2019-09-12,"12:30:00",11.8
2019-09-12,2019-09-12,"12:30:00",11.8
2019-09-12,2019-09-12,"12:30:00",11.8
2019-09-12,2019-09-12,"12:30:00",11.8
2019-09-12,2019-09-12,"12:30:00",11.8
2019-09-12,2019-09-12,"12:30:00",11.8
2019-09-12,2019-09-12,"12:30:00",11.8
2019-09-12,2019-09-12,"12:30:00",11.8
2019-09-12,2019-09-12,"12:30:00",11.8
2019-09-12,2019-09-12,"12:30:00",11.8
2019-09-12,2019-09-12,"12:30:00",11.8
2019-09-12,2019-09-12,"12:30:00",11.8
2019-09-12,2019-09-12,"12:30:00",11.8
2019-09-12,2019-09-12,"12:30:00",11.8
2019-09-12,2019-09-12,"12:30:00",11.8
2019-09-12,2019-09-12,"12:30:00",11.8
2019-09-12,2019-09-12,"12:30:00",11.8
2019-09-12,2019-09-12,"12:30:00",11.8
2019-09-12,2019-09-12,"12:30:00",11.8
2019-09-12,2019-09-12,"12:30:00",11.8
2019-09-12,2019-09-12,"12:30:00",11.8
2019-09-12,2019-09-12,"12:30:00",11.8
2019-09-12,2019-09-12,"12:30:00",11.8
2019-09-12,2019-09-12,"12:30:00",11.8
2019-09-12,2019-09-12,"12:30:00",11.8
2019-09-12,2019-09-12,"12:30:00",11.8
2019-09-12,2019-09-12,"12:30:00",11.8
2019-09-12,2019-09-12,"12:30:00",11.8
2019-09-12,2019-09-12,"12:30:00",11.8
2019-09-12,2019-09-12,"12:30:00",11.8
2019-09-12,2019-09-12,"12:30:00",11.8
2019-09-12,2019-09-12,"12:30:00",11.8
2019-09-12,2019-09-12,"12:30:00",11.8
2019-09-12,2019-09-12,"12:30:00",11.8
2019-09-12,2019-09-12,"12:30:00",11.8
2019-09-12,2019-09-12,"12:30:00",11.8
2019-09-12,2019-09-12,"12:30:00",11.8
